Suite/Test/Step Name,Browser,Description,Tag,Start time,End time,Duration,Status
RunAllTestCasesTestSuite,Firefox 89.0,,,2021-07-20 14:39:25,2021-07-20 15:01:11,21m - 46.128s,FAILED
,,,,,,,
Test Cases/Login/Negative/LoginWithUnregisteredEmailTestCase,Firefox 89.0,Login with Unregistered Email Test Case,login,2021-07-20 14:39:26,2021-07-20 14:40:23,56.845s,PASSED
com.helper.browserhelper.CustomBrowser.openBrowser(),Firefox 89.0,,,2021-07-20 14:39:26,2021-07-20 14:40:10,43.664s,PASSED
"setText(findTestObject(""LoginPage_SerpWatch/input_sign in_email""), ""aaa@gmail.com"")",Firefox 89.0,,,2021-07-20 14:40:10,2021-07-20 14:40:12,2.311s,PASSED
"setText(findTestObject(""LoginPage_SerpWatch/input_sign in_password""), ""abc"")",Firefox 89.0,,,2021-07-20 14:40:12,2021-07-20 14:40:13,0.911s,PASSED
"click(findTestObject(""LoginPage_SerpWatch/button_login""))",Firefox 89.0,,,2021-07-20 14:40:13,2021-07-20 14:40:20,6.557s,PASSED
waitForPageLoad(Timeout),Firefox 89.0,,,2021-07-20 14:40:20,2021-07-20 14:40:20,0.064s,PASSED
com.helper.browserhelper.CustomBrowser.closeBrowser(),Firefox 89.0,,,2021-07-20 14:40:20,2021-07-20 14:40:23,2.771s,PASSED
,,,,,,,
Test Cases/Login/Negative/LoginWithWrongPasswordTestCase,Firefox 89.0,Login With Wrong Password,login,2021-07-20 14:40:23,2021-07-20 14:40:53,30.009s,PASSED
com.helper.browserhelper.CustomBrowser.openBrowser(),Firefox 89.0,,,2021-07-20 14:40:23,2021-07-20 14:40:44,20.707s,PASSED
"setText(findTestObject(""LoginPage_SerpWatch/input_sign in_email""), LoginUsername)",Firefox 89.0,,,2021-07-20 14:40:44,2021-07-20 14:40:45,0.894s,PASSED
"setText(findTestObject(""LoginPage_SerpWatch/input_sign in_password""), ""abc"")",Firefox 89.0,,,2021-07-20 14:40:45,2021-07-20 14:40:46,0.967s,PASSED
"click(findTestObject(""LoginPage_SerpWatch/button_login""))",Firefox 89.0,,,2021-07-20 14:40:46,2021-07-20 14:40:49,3.489s,PASSED
waitForPageLoad(Timeout),Firefox 89.0,,,2021-07-20 14:40:49,2021-07-20 14:40:50,0.168s,PASSED
com.helper.browserhelper.CustomBrowser.closeBrowser(),Firefox 89.0,,,2021-07-20 14:40:50,2021-07-20 14:40:53,3.223s,PASSED
,,,,,,,
Test Cases/Login/Positive/LoginByEmailTestCase,Firefox 89.0,LoginTestCase,login,2021-07-20 14:40:53,2021-07-20 14:41:30,37.589s,PASSED
openBrowser(LoginUrl),Firefox 89.0,,,2021-07-20 14:40:53,2021-07-20 14:41:19,25.681s,PASSED
waitForPageLoad(Timeout),Firefox 89.0,,,2021-07-20 14:41:19,2021-07-20 14:41:19,0.034s,PASSED
maximizeWindow(),Firefox 89.0,,,2021-07-20 14:41:19,2021-07-20 14:41:19,0.031s,PASSED
waitForPageLoad(Timeout),Firefox 89.0,,,2021-07-20 14:41:19,2021-07-20 14:41:19,0.032s,PASSED
"sendKeys(findTestObject(""LoginPage_SerpWatch/input_sign in_email""), LoginUsername)",Firefox 89.0,,,2021-07-20 14:41:19,2021-07-20 14:41:20,0.579s,PASSED
"sendKeys(findTestObject(""LoginPage_SerpWatch/input_sign in_password""), LoginPassword)",Firefox 89.0,,,2021-07-20 14:41:20,2021-07-20 14:41:20,0.404s,PASSED
"click(findTestObject(""LoginPage_SerpWatch/button_login""))",Firefox 89.0,,,2021-07-20 14:41:20,2021-07-20 14:41:28,8.297s,PASSED
waitForPageLoad(Timeout),Firefox 89.0,,,2021-07-20 14:41:28,2021-07-20 14:41:28,0.126s,PASSED
closeBrowser(),Firefox 89.0,,,2021-07-20 14:41:28,2021-07-20 14:41:30,2.028s,PASSED
,,,,,,,
Test Cases/Register/Negative/RegisterWithEmailFieldEmptyTestCase,Firefox 89.0,"Register With Email Field Empty.
Expected: Display error message ""please fill out this field"" on the email field.",register,2021-07-20 14:41:30,2021-07-20 14:42:07,36.469s,PASSED
com.helper.browserhelper.CustomBrowser.openRegisterPage(),Firefox 89.0,,,2021-07-20 14:41:31,2021-07-20 14:41:53,22.186s,PASSED
waitForPageLoad(Timeout),Firefox 89.0,,,2021-07-20 14:41:53,2021-07-20 14:41:53,0.063s,PASSED
"setText(findTestObject(""RegisterPage/input_signup_name""), ""aaa"")",Firefox 89.0,,,2021-07-20 14:41:53,2021-07-20 14:41:55,2.260s,PASSED
"setText(findTestObject(""RegisterPage/input_signup_email""), """")",Firefox 89.0,,,2021-07-20 14:41:55,2021-07-20 14:41:56,1.016s,PASSED
"setText(findTestObject(""RegisterPage/input_signup_password""), ""aaaaaa"")",Firefox 89.0,,,2021-07-20 14:41:56,2021-07-20 14:41:57,0.701s,PASSED
"setText(findTestObject(""RegisterPage/input_signup_password_confirmation""), ""aaaaaa"")",Firefox 89.0,,,2021-07-20 14:41:57,2021-07-20 14:41:58,0.978s,PASSED
"check(findTestObject(""RegisterPage/checkbox_agreement""))",Firefox 89.0,,,2021-07-20 14:41:58,2021-07-20 14:41:59,0.766s,PASSED
"click(findTestObject(""RegisterPage/button_register""))",Firefox 89.0,,,2021-07-20 14:41:59,2021-07-20 14:42:00,1.583s,PASSED
waitForPageLoad(Timeout),Firefox 89.0,,,2021-07-20 14:42:00,2021-07-20 14:42:00,0.032s,PASSED
delay(3),Firefox 89.0,,,2021-07-20 14:42:00,2021-07-20 14:42:03,3.041s,PASSED
com.helper.browserhelper.CustomBrowser.closeBrowser(),Firefox 89.0,,,2021-07-20 14:42:03,2021-07-20 14:42:07,3.409s,PASSED
,,,,,,,
Test Cases/Register/Negative/RegisterWithInvalidNameFormatTestCase,Firefox 89.0,"Register With Invalid Name Format.
Expected: Display error message ""The name format is invalid"" below the Name field.",register,2021-07-20 14:42:07,2021-07-20 14:42:41,34.559s,PASSED
com.helper.browserhelper.CustomBrowser.openRegisterPage(),Firefox 89.0,,,2021-07-20 14:42:07,2021-07-20 14:42:25,17.925s,PASSED
waitForPageLoad(Timeout),Firefox 89.0,,,2021-07-20 14:42:25,2021-07-20 14:42:25,0.026s,PASSED
"setText(findTestObject(""RegisterPage/input_signup_name""), ""@#$@#$"")",Firefox 89.0,,,2021-07-20 14:42:25,2021-07-20 14:42:26,1.016s,PASSED
"setText(findTestObject(""RegisterPage/input_signup_email""), ""aaa@gmail.com"")",Firefox 89.0,,,2021-07-20 14:42:26,2021-07-20 14:42:27,0.907s,PASSED
"setText(findTestObject(""RegisterPage/input_signup_password""), ""aaaaaa"")",Firefox 89.0,,,2021-07-20 14:42:27,2021-07-20 14:42:28,0.886s,PASSED
"setText(findTestObject(""RegisterPage/input_signup_password_confirmation""), ""aaaaaa"")",Firefox 89.0,,,2021-07-20 14:42:28,2021-07-20 14:42:29,0.972s,PASSED
"check(findTestObject(""RegisterPage/checkbox_agreement""))",Firefox 89.0,,,2021-07-20 14:42:29,2021-07-20 14:42:31,1.845s,PASSED
"click(findTestObject(""RegisterPage/button_register""))",Firefox 89.0,,,2021-07-20 14:42:31,2021-07-20 14:42:36,4.524s,PASSED
waitForPageLoad(Timeout),Firefox 89.0,,,2021-07-20 14:42:36,2021-07-20 14:42:36,0.073s,PASSED
delay(3),Firefox 89.0,,,2021-07-20 14:42:36,2021-07-20 14:42:39,3.015s,PASSED
com.helper.browserhelper.CustomBrowser.closeBrowser(),Firefox 89.0,,,2021-07-20 14:42:39,2021-07-20 14:42:41,2.813s,PASSED
,,,,,,,
Test Cases/Register/Negative/RegisterWithNameFieldEmptyTestCase,Firefox 89.0,RegisterWithNameFieldEmpty,register,2021-07-20 14:42:41,2021-07-20 14:43:14,32.126s,PASSED
com.helper.browserhelper.CustomBrowser.openRegisterPage(),Firefox 89.0,,,2021-07-20 14:42:42,2021-07-20 14:43:03,21.247s,PASSED
waitForPageLoad(Timeout),Firefox 89.0,,,2021-07-20 14:43:03,2021-07-20 14:43:03,0.048s,PASSED
"setText(findTestObject(""RegisterPage/input_signup_name""), """")",Firefox 89.0,,,2021-07-20 14:43:03,2021-07-20 14:43:04,1.306s,PASSED
"setText(findTestObject(""RegisterPage/input_signup_email""), ""aaa@gmail.com"")",Firefox 89.0,,,2021-07-20 14:43:04,2021-07-20 14:43:05,0.832s,PASSED
"setText(findTestObject(""RegisterPage/input_signup_password""), ""aaaaaa"")",Firefox 89.0,,,2021-07-20 14:43:05,2021-07-20 14:43:06,0.858s,PASSED
"setText(findTestObject(""RegisterPage/input_signup_password_confirmation""), ""aaaaaa"")",Firefox 89.0,,,2021-07-20 14:43:06,2021-07-20 14:43:07,0.862s,PASSED
"check(findTestObject(""RegisterPage/checkbox_agreement""))",Firefox 89.0,,,2021-07-20 14:43:07,2021-07-20 14:43:08,0.655s,PASSED
"click(findTestObject(""RegisterPage/button_register""))",Firefox 89.0,,,2021-07-20 14:43:08,2021-07-20 14:43:08,0.690s,PASSED
waitForPageLoad(Timeout),Firefox 89.0,,,2021-07-20 14:43:08,2021-07-20 14:43:08,0.030s,PASSED
delay(3),Firefox 89.0,,,2021-07-20 14:43:08,2021-07-20 14:43:11,3.008s,PASSED
com.helper.browserhelper.CustomBrowser.closeBrowser(),Firefox 89.0,,,2021-07-20 14:43:11,2021-07-20 14:43:14,2.238s,PASSED
,,,,,,,
Test Cases/Register/Negative/RegisterWithNameUnder3CharactersTestCase,Firefox 89.0,RegisterWithNameUnder3CharactersTestCase,register,2021-07-20 14:43:14,2021-07-20 14:43:50,36.426s,PASSED
com.helper.browserhelper.CustomBrowser.openRegisterPage(),Firefox 89.0,,,2021-07-20 14:43:14,2021-07-20 14:43:32,18.166s,PASSED
waitForPageLoad(Timeout),Firefox 89.0,,,2021-07-20 14:43:32,2021-07-20 14:43:32,0.054s,PASSED
"setText(findTestObject(""RegisterPage/input_signup_name""), ""aa"")",Firefox 89.0,,,2021-07-20 14:43:32,2021-07-20 14:43:33,0.871s,PASSED
"setText(findTestObject(""RegisterPage/input_signup_email""), ""aaa@gmail.com"")",Firefox 89.0,,,2021-07-20 14:43:33,2021-07-20 14:43:34,0.986s,PASSED
"setText(findTestObject(""RegisterPage/input_signup_password""), ""aaaaaa"")",Firefox 89.0,,,2021-07-20 14:43:34,2021-07-20 14:43:35,0.926s,PASSED
"setText(findTestObject(""RegisterPage/input_signup_password_confirmation""), ""aaaaaa"")",Firefox 89.0,,,2021-07-20 14:43:35,2021-07-20 14:43:36,0.906s,PASSED
"check(findTestObject(""RegisterPage/checkbox_agreement""))",Firefox 89.0,,,2021-07-20 14:43:36,2021-07-20 14:43:37,0.677s,PASSED
"click(findTestObject(""RegisterPage/button_register""))",Firefox 89.0,,,2021-07-20 14:43:37,2021-07-20 14:43:43,6.761s,PASSED
waitForPageLoad(Timeout),Firefox 89.0,,,2021-07-20 14:43:43,2021-07-20 14:43:43,0.052s,PASSED
delay(3),Firefox 89.0,,,2021-07-20 14:43:43,2021-07-20 14:43:46,3.006s,PASSED
com.helper.browserhelper.CustomBrowser.closeBrowser(),Firefox 89.0,,,2021-07-20 14:43:46,2021-07-20 14:43:50,3.578s,PASSED
,,,,,,,
Test Cases/Register/Negative/RegisterWithNotMatchingPasswordConfirmTestCase,Firefox 89.0,RegisterWithNotMatchingPasswordConfirmTestCase,register,2021-07-20 14:43:50,2021-07-20 14:44:25,35.280s,PASSED
com.helper.browserhelper.CustomBrowser.openRegisterPage(),Firefox 89.0,,,2021-07-20 14:43:50,2021-07-20 14:44:10,19.294s,PASSED
waitForPageLoad(Timeout),Firefox 89.0,,,2021-07-20 14:44:10,2021-07-20 14:44:10,0.033s,PASSED
"setText(findTestObject(""RegisterPage/input_signup_name""), ""aabbbccc"")",Firefox 89.0,,,2021-07-20 14:44:10,2021-07-20 14:44:11,1.390s,PASSED
"setText(findTestObject(""RegisterPage/input_signup_email""), ""aaa@gmail.com"")",Firefox 89.0,,,2021-07-20 14:44:11,2021-07-20 14:44:12,0.946s,PASSED
"setText(findTestObject(""RegisterPage/input_signup_password""), ""aaaaaa"")",Firefox 89.0,,,2021-07-20 14:44:12,2021-07-20 14:44:13,0.938s,PASSED
"setText(findTestObject(""RegisterPage/input_signup_password_confirmation""), ""aaabbb"")",Firefox 89.0,,,2021-07-20 14:44:13,2021-07-20 14:44:14,0.911s,PASSED
"check(findTestObject(""RegisterPage/checkbox_agreement""))",Firefox 89.0,,,2021-07-20 14:44:14,2021-07-20 14:44:14,0.629s,PASSED
"click(findTestObject(""RegisterPage/button_register""))",Firefox 89.0,,,2021-07-20 14:44:14,2021-07-20 14:44:19,4.835s,PASSED
waitForPageLoad(Timeout),Firefox 89.0,,,2021-07-20 14:44:19,2021-07-20 14:44:19,0.013s,PASSED
delay(3),Firefox 89.0,,,2021-07-20 14:44:19,2021-07-20 14:44:22,3.005s,PASSED
com.helper.browserhelper.CustomBrowser.closeBrowser(),Firefox 89.0,,,2021-07-20 14:44:22,2021-07-20 14:44:25,2.949s,PASSED
,,,,,,,
Test Cases/Register/Negative/RegisterWithoutAcceptingToSTestCase,Firefox 89.0,RegisterWithoutAcceptingToSTestCase,register,2021-07-20 14:44:25,2021-07-20 14:44:57,31.810s,PASSED
com.helper.browserhelper.CustomBrowser.openRegisterPage(),Firefox 89.0,,,2021-07-20 14:44:26,2021-07-20 14:44:46,20.755s,PASSED
waitForPageLoad(Timeout),Firefox 89.0,,,2021-07-20 14:44:46,2021-07-20 14:44:47,0.224s,PASSED
"setText(findTestObject(""RegisterPage/input_signup_name""), ""aabbbccc"")",Firefox 89.0,,,2021-07-20 14:44:47,2021-07-20 14:44:49,2.064s,PASSED
"setText(findTestObject(""RegisterPage/input_signup_email""), ""aaa@gmail.com"")",Firefox 89.0,,,2021-07-20 14:44:49,2021-07-20 14:44:50,0.945s,PASSED
"setText(findTestObject(""RegisterPage/input_signup_password""), ""aaaaaa"")",Firefox 89.0,,,2021-07-20 14:44:50,2021-07-20 14:44:51,0.959s,PASSED
"setText(findTestObject(""RegisterPage/input_signup_password_confirmation""), ""aaaaaa"")",Firefox 89.0,,,2021-07-20 14:44:51,2021-07-20 14:44:52,0.942s,PASSED
"click(findTestObject(""RegisterPage/button_register""))",Firefox 89.0,,,2021-07-20 14:44:52,2021-07-20 14:44:52,0.647s,PASSED
waitForPageLoad(Timeout),Firefox 89.0,,,2021-07-20 14:44:52,2021-07-20 14:44:52,0.040s,PASSED
delay(3),Firefox 89.0,,,2021-07-20 14:44:52,2021-07-20 14:44:55,3.009s,PASSED
com.helper.browserhelper.CustomBrowser.closeBrowser(),Firefox 89.0,,,2021-07-20 14:44:55,2021-07-20 14:44:57,1.809s,PASSED
,,,,,,,
Test Cases/Register/Negative/RegisterWithoutFillingPasswordConfFieldTestCase,Firefox 89.0,RegisterWithoutFillingPasswordConfField,register,2021-07-20 14:44:57,2021-07-20 14:45:27,30.100s,PASSED
com.helper.browserhelper.CustomBrowser.openRegisterPage(),Firefox 89.0,,,2021-07-20 14:44:58,2021-07-20 14:45:18,20.489s,PASSED
waitForPageLoad(Timeout),Firefox 89.0,,,2021-07-20 14:45:18,2021-07-20 14:45:18,0.070s,PASSED
"setText(findTestObject(""RegisterPage/input_signup_name""), ""aabbbccc"")",Firefox 89.0,,,2021-07-20 14:45:18,2021-07-20 14:45:19,1.000s,PASSED
"setText(findTestObject(""RegisterPage/input_signup_email""), ""aaa@gmail.com"")",Firefox 89.0,,,2021-07-20 14:45:19,2021-07-20 14:45:20,0.952s,PASSED
"setText(findTestObject(""RegisterPage/input_signup_password""), ""aaaaaa"")",Firefox 89.0,,,2021-07-20 14:45:20,2021-07-20 14:45:21,0.895s,PASSED
"check(findTestObject(""RegisterPage/checkbox_agreement""))",Firefox 89.0,,,2021-07-20 14:45:21,2021-07-20 14:45:22,0.644s,PASSED
"click(findTestObject(""RegisterPage/button_register""))",Firefox 89.0,,,2021-07-20 14:45:22,2021-07-20 14:45:22,0.662s,PASSED
waitForPageLoad(Timeout),Firefox 89.0,,,2021-07-20 14:45:22,2021-07-20 14:45:22,0.029s,PASSED
delay(3),Firefox 89.0,,,2021-07-20 14:45:22,2021-07-20 14:45:25,3.003s,PASSED
com.helper.browserhelper.CustomBrowser.closeBrowser(),Firefox 89.0,,,2021-07-20 14:45:25,2021-07-20 14:45:27,1.876s,PASSED
,,,,,,,
Test Cases/Register/Negative/RegisterWithPasswordFieldEmptyTestCase,Firefox 89.0,RegisterWithPasswordFieldEmpty,register,2021-07-20 14:45:27,2021-07-20 14:45:57,30.091s,PASSED
com.helper.browserhelper.CustomBrowser.openRegisterPage(),Firefox 89.0,,,2021-07-20 14:45:28,2021-07-20 14:45:47,19.034s,PASSED
waitForPageLoad(Timeout),Firefox 89.0,,,2021-07-20 14:45:47,2021-07-20 14:45:47,0.101s,PASSED
"setText(findTestObject(""RegisterPage/input_signup_name""), ""aabbbccc"")",Firefox 89.0,,,2021-07-20 14:45:47,2021-07-20 14:45:48,1.222s,PASSED
"setText(findTestObject(""RegisterPage/input_signup_email""), ""aaa@gmail.com"")",Firefox 89.0,,,2021-07-20 14:45:48,2021-07-20 14:45:49,0.942s,PASSED
"setText(findTestObject(""RegisterPage/input_signup_password_confirmation""), ""aaaaaa"")",Firefox 89.0,,,2021-07-20 14:45:49,2021-07-20 14:45:50,0.982s,PASSED
"check(findTestObject(""RegisterPage/checkbox_agreement""))",Firefox 89.0,,,2021-07-20 14:45:50,2021-07-20 14:45:51,0.667s,PASSED
"click(findTestObject(""RegisterPage/button_register""))",Firefox 89.0,,,2021-07-20 14:45:51,2021-07-20 14:45:51,0.662s,PASSED
waitForPageLoad(Timeout),Firefox 89.0,,,2021-07-20 14:45:51,2021-07-20 14:45:51,0.026s,PASSED
delay(3),Firefox 89.0,,,2021-07-20 14:45:51,2021-07-20 14:45:54,3.012s,PASSED
com.helper.browserhelper.CustomBrowser.closeBrowser(),Firefox 89.0,,,2021-07-20 14:45:54,2021-07-20 14:45:57,3.034s,PASSED
,,,,,,,
Test Cases/Register/Negative/RegisterWithPasswordUnder6CharactersTestCase,Firefox 89.0,RegisterWithPasswordUnderSixCharacters,register,2021-07-20 14:45:57,2021-07-20 14:46:43,45.798s,PASSED
com.helper.browserhelper.CustomBrowser.openRegisterPage(),Firefox 89.0,,,2021-07-20 14:45:58,2021-07-20 14:46:24,25.846s,PASSED
waitForPageLoad(Timeout),Firefox 89.0,,,2021-07-20 14:46:24,2021-07-20 14:46:24,0.056s,PASSED
"setText(findTestObject(""RegisterPage/input_signup_name""), ""aabbbccc"")",Firefox 89.0,,,2021-07-20 14:46:24,2021-07-20 14:46:26,2.214s,PASSED
"setText(findTestObject(""RegisterPage/input_signup_email""), ""aaa@gmail.com"")",Firefox 89.0,,,2021-07-20 14:46:26,2021-07-20 14:46:27,0.982s,PASSED
"setText(findTestObject(""RegisterPage/input_signup_password""), ""aaa"")",Firefox 89.0,,,2021-07-20 14:46:27,2021-07-20 14:46:28,0.829s,PASSED
"setText(findTestObject(""RegisterPage/input_signup_password_confirmation""), ""aaa"")",Firefox 89.0,,,2021-07-20 14:46:28,2021-07-20 14:46:29,0.921s,PASSED
"check(findTestObject(""RegisterPage/checkbox_agreement""))",Firefox 89.0,,,2021-07-20 14:46:29,2021-07-20 14:46:29,0.704s,PASSED
"click(findTestObject(""RegisterPage/button_register""))",Firefox 89.0,,,2021-07-20 14:46:29,2021-07-20 14:46:34,5.035s,PASSED
waitForPageLoad(Timeout),Firefox 89.0,,,2021-07-20 14:46:34,2021-07-20 14:46:34,0.040s,PASSED
delay(3),Firefox 89.0,,,2021-07-20 14:46:34,2021-07-20 14:46:37,3.008s,PASSED
com.helper.browserhelper.CustomBrowser.closeBrowser(),Firefox 89.0,,,2021-07-20 14:46:37,2021-07-20 14:46:43,5.698s,PASSED
,,,,,,,
Test Cases/Register/Negative/RegisterWithWrongEmailFormatTestCase,Firefox 89.0,RegisterWithWrongEmailFormat,register,2021-07-20 14:46:43,2021-07-20 14:47:17,33.849s,PASSED
com.helper.browserhelper.CustomBrowser.openRegisterPage(),Firefox 89.0,,,2021-07-20 14:46:44,2021-07-20 14:47:06,22.174s,PASSED
waitForPageLoad(Timeout),Firefox 89.0,,,2021-07-20 14:47:06,2021-07-20 14:47:06,0.055s,PASSED
"setText(findTestObject(""RegisterPage/input_signup_name""), ""aabbbccc"")",Firefox 89.0,,,2021-07-20 14:47:06,2021-07-20 14:47:08,1.811s,PASSED
"setText(findTestObject(""RegisterPage/input_signup_email""), ""aaabc"")",Firefox 89.0,,,2021-07-20 14:47:08,2021-07-20 14:47:09,0.941s,PASSED
"setText(findTestObject(""RegisterPage/input_signup_password""), ""aaabbb"")",Firefox 89.0,,,2021-07-20 14:47:09,2021-07-20 14:47:09,0.974s,PASSED
"setText(findTestObject(""RegisterPage/input_signup_password_confirmation""), ""aaabbb"")",Firefox 89.0,,,2021-07-20 14:47:09,2021-07-20 14:47:10,0.927s,PASSED
"check(findTestObject(""RegisterPage/checkbox_agreement""))",Firefox 89.0,,,2021-07-20 14:47:10,2021-07-20 14:47:11,0.699s,PASSED
"click(findTestObject(""RegisterPage/button_register""))",Firefox 89.0,,,2021-07-20 14:47:11,2021-07-20 14:47:12,0.621s,PASSED
waitForPageLoad(Timeout),Firefox 89.0,,,2021-07-20 14:47:12,2021-07-20 14:47:12,0.024s,PASSED
delay(3),Firefox 89.0,,,2021-07-20 14:47:12,2021-07-20 14:47:15,3.012s,PASSED
com.helper.browserhelper.CustomBrowser.closeBrowser(),Firefox 89.0,,,2021-07-20 14:47:15,2021-07-20 14:47:17,2.168s,PASSED
,,,,,,,
Test Cases/Create Project/Negative/CreateProjectAndClickAddCompetitorButDoNotFillFieldTestCase,Firefox 89.0,"Create a project, click add competitor but do not fill the field.
Expected: Cannot proceed to 2nd page of the setup",create project,2021-07-20 14:47:17,2021-07-20 14:48:08,51.364s,PASSED
com.helper.browserhelper.CustomBrowser.login(),Firefox 89.0,,,2021-07-20 14:47:17,2021-07-20 14:47:40,22.696s,PASSED
"click(findTestObject(""CreateNewProject/button_add_project""))",Firefox 89.0,,,2021-07-20 14:47:40,2021-07-20 14:47:41,1.384s,PASSED
"waitForElementVisible(findTestObject(""CreateNewProject/popup_frame_choose_ project_type_domain_or_youtube""), Timeout)",Firefox 89.0,,,2021-07-20 14:47:41,2021-07-20 14:47:42,0.986s,PASSED
"click(findTestObject(""CreateNewProject/button_domain""))",Firefox 89.0,,,2021-07-20 14:47:42,2021-07-20 14:47:43,0.728s,PASSED
"waitForElementPresent(findTestObject(""CreateNewProject/popup_window_creating_project""), Timeout)",Firefox 89.0,,,2021-07-20 14:47:43,2021-07-20 14:47:52,8.799s,PASSED
"setText(findTestObject(""CreateNewProject/FormPage_1/input_domain_name""), ""detik.com"")",Firefox 89.0,,,2021-07-20 14:47:52,2021-07-20 14:48:01,9.481s,PASSED
"waitForElementVisible(findTestObject(""CreateNewProject/FormPage_1/input_add_your_keyword""), Timeout)",Firefox 89.0,,,2021-07-20 14:48:01,2021-07-20 14:48:02,0.457s,PASSED
"setText(findTestObject(""CreateNewProject/FormPage_1/input_add_your_keyword""), ""politik"")",Firefox 89.0,,,2021-07-20 14:48:02,2021-07-20 14:48:03,0.724s,PASSED
"setText(findTestObject(""CreateNewProject/FormPage_1/input_keyword_suggestions""), ""partai"")",Firefox 89.0,,,2021-07-20 14:48:03,2021-07-20 14:48:04,0.963s,PASSED
"click(findTestObject(""CreateNewProject/FormPage_1/button_next""))",Firefox 89.0,,,2021-07-20 14:48:04,2021-07-20 14:48:04,0.808s,PASSED
"setText(findTestObject(""CreateNewProject/FormPage_1/input_add_your_keyword""), ""merdeka"")",Firefox 89.0,,,2021-07-20 14:48:04,2021-07-20 14:48:05,0.988s,PASSED
delay(3),Firefox 89.0,,,2021-07-20 14:48:05,2021-07-20 14:48:08,3.009s,PASSED
,,,,,,,
Test Cases/Create Project/Negative/CreateProjectThatIsGoingOverTheChecksLimitOfTheUsersPlanTestCase,Firefox 89.0,"Create project that is going over the checks limit of the users plan.
Expected: User cannot complete project setup, is prompted to upgrade the plan",create project,2021-07-20 14:48:08,2021-07-20 14:49:04,55.901s,PASSED
com.helper.browserhelper.CustomBrowser.login(),Firefox 89.0,,,2021-07-20 14:48:09,2021-07-20 14:48:42,32.801s,PASSED
"click(findTestObject(""CreateNewProject/button_add_project""))",Firefox 89.0,,,2021-07-20 14:48:42,2021-07-20 14:48:43,1.887s,PASSED
"waitForElementVisible(findTestObject(""CreateNewProject/popup_frame_choose_ project_type_domain_or_youtube""), Timeout)",Firefox 89.0,,,2021-07-20 14:48:43,2021-07-20 14:48:44,0.619s,PASSED
"click(findTestObject(""CreateNewProject/button_domain""))",Firefox 89.0,,,2021-07-20 14:48:44,2021-07-20 14:48:45,0.652s,PASSED
"waitForElementPresent(findTestObject(""CreateNewProject/popup_window_creating_project""), Timeout)",Firefox 89.0,,,2021-07-20 14:48:45,2021-07-20 14:48:47,2.674s,PASSED
"setText(findTestObject(""CreateNewProject/FormPage_1/input_domain_name""), ""detik.com"")",Firefox 89.0,,,2021-07-20 14:48:47,2021-07-20 14:48:55,7.602s,PASSED
"waitForElementVisible(findTestObject(""CreateNewProject/FormPage_1/input_add_your_keyword""), Timeout)",Firefox 89.0,,,2021-07-20 14:48:55,2021-07-20 14:48:55,0.450s,PASSED
"setText(findTestObject(""CreateNewProject/FormPage_1/input_add_your_keyword""), ""politik"")",Firefox 89.0,,,2021-07-20 14:48:55,2021-07-20 14:48:56,0.721s,PASSED
"setText(findTestObject(""CreateNewProject/FormPage_1/input_keyword_suggestions""), ""partai"")",Firefox 89.0,,,2021-07-20 14:48:56,2021-07-20 14:48:57,0.823s,PASSED
"click(findTestObject(""CreateNewProject/FormPage_1/button_next""))",Firefox 89.0,,,2021-07-20 14:48:57,2021-07-20 14:48:58,0.698s,PASSED
delay(3),Firefox 89.0,,,2021-07-20 14:48:58,2021-07-20 14:49:01,3.012s,PASSED
com.helper.browserhelper.CustomBrowser.closeBrowser(),Firefox 89.0,,,2021-07-20 14:49:01,2021-07-20 14:49:04,3.525s,PASSED
,,,,,,,
Test Cases/Create Project/Negative/CreateProjectUsingInvalidDomainFormatInDomainFieldTestCase,Firefox 89.0,"create a project using invalid domain format in the domain field.
Expected: Cannot proceed to 2nd page of the setup",create project,2021-07-20 14:49:04,2021-07-20 14:50:50,1m - 45.482s,PASSED
com.helper.browserhelper.CustomBrowser.login(),Firefox 89.0,,,2021-07-20 14:49:05,2021-07-20 14:50:04,59.217s,PASSED
"click(findTestObject(""CreateNewProject/button_add_project""))",Firefox 89.0,,,2021-07-20 14:50:04,2021-07-20 14:50:25,21.246s,PASSED
"waitForElementVisible(findTestObject(""CreateNewProject/popup_frame_choose_ project_type_domain_or_youtube""), Timeout)",Firefox 89.0,,,2021-07-20 14:50:25,2021-07-20 14:50:27,1.499s,PASSED
"click(findTestObject(""CreateNewProject/button_domain""))",Firefox 89.0,,,2021-07-20 14:50:27,2021-07-20 14:50:29,2.333s,PASSED
"waitForElementPresent(findTestObject(""CreateNewProject/popup_window_creating_project""), Timeout)",Firefox 89.0,,,2021-07-20 14:50:29,2021-07-20 14:50:32,2.975s,PASSED
"setText(findTestObject(""CreateNewProject/FormPage_1/input_domain_name""), ""detik.com"")",Firefox 89.0,,,2021-07-20 14:50:32,2021-07-20 14:50:41,9.154s,PASSED
"waitForElementVisible(findTestObject(""CreateNewProject/FormPage_1/input_add_your_keyword""), Timeout)",Firefox 89.0,,,2021-07-20 14:50:41,2021-07-20 14:50:41,0.416s,PASSED
"setText(findTestObject(""CreateNewProject/FormPage_1/input_add_your_keyword""), ""politik"")",Firefox 89.0,,,2021-07-20 14:50:41,2021-07-20 14:50:42,0.720s,PASSED
"setText(findTestObject(""CreateNewProject/FormPage_1/input_keyword_suggestions""), ""partai"")",Firefox 89.0,,,2021-07-20 14:50:42,2021-07-20 14:50:43,0.858s,PASSED
"click(findTestObject(""CreateNewProject/FormPage_1/button_next""))",Firefox 89.0,,,2021-07-20 14:50:43,2021-07-20 14:50:44,0.773s,PASSED
delay(3),Firefox 89.0,,,2021-07-20 14:50:44,2021-07-20 14:50:47,3.010s,PASSED
com.helper.browserhelper.CustomBrowser.closeBrowser(),Firefox 89.0,,,2021-07-20 14:50:47,2021-07-20 14:50:50,2.906s,PASSED
,,,,,,,
Test Cases/Create Project/Negative/CreateProjectWithKeywordLessThan2CharactersTestCase,Firefox 89.0,"create a project with keyword with less than 2 characters.
Expected: Cannot proceed to 2nd page of the setup.",create project,2021-07-20 14:50:50,2021-07-20 14:52:07,1m - 17.478s,PASSED
com.helper.browserhelper.CustomBrowser.login(),Firefox 89.0,,,2021-07-20 14:50:50,2021-07-20 14:51:22,31.641s,PASSED
"click(findTestObject(""CreateNewProject/button_add_project""))",Firefox 89.0,,,2021-07-20 14:51:22,2021-07-20 14:51:45,23.012s,PASSED
"waitForElementVisible(findTestObject(""CreateNewProject/popup_frame_choose_ project_type_domain_or_youtube""), Timeout)",Firefox 89.0,,,2021-07-20 14:51:45,2021-07-20 14:51:47,1.920s,PASSED
"click(findTestObject(""CreateNewProject/button_domain""))",Firefox 89.0,,,2021-07-20 14:51:47,2021-07-20 14:51:47,0.633s,PASSED
"waitForElementPresent(findTestObject(""CreateNewProject/popup_window_creating_project""), Timeout)",Firefox 89.0,,,2021-07-20 14:51:47,2021-07-20 14:51:50,2.275s,PASSED
"setText(findTestObject(""CreateNewProject/FormPage_1/input_domain_name""), ""detik.com"")",Firefox 89.0,,,2021-07-20 14:51:50,2021-07-20 14:51:59,9.189s,PASSED
"waitForElementVisible(findTestObject(""CreateNewProject/FormPage_1/input_add_your_keyword""), Timeout)",Firefox 89.0,,,2021-07-20 14:51:59,2021-07-20 14:51:59,0.448s,PASSED
"setText(findTestObject(""CreateNewProject/FormPage_1/input_add_your_keyword""), ""politik"")",Firefox 89.0,,,2021-07-20 14:51:59,2021-07-20 14:52:00,0.677s,PASSED
"setText(findTestObject(""CreateNewProject/FormPage_1/input_keyword_suggestions""), ""partai"")",Firefox 89.0,,,2021-07-20 14:52:00,2021-07-20 14:52:01,0.881s,PASSED
"click(findTestObject(""CreateNewProject/FormPage_1/button_next""))",Firefox 89.0,,,2021-07-20 14:52:01,2021-07-20 14:52:02,0.922s,PASSED
delay(3),Firefox 89.0,,,2021-07-20 14:52:02,2021-07-20 14:52:05,3.003s,PASSED
com.helper.browserhelper.CustomBrowser.closeBrowser(),Firefox 89.0,,,2021-07-20 14:52:05,2021-07-20 14:52:07,2.520s,PASSED
,,,,,,,
Test Cases/Create Project/Negative/CreateProjectWithNameFieldWithLessThan2CharactersTestCase,Firefox 89.0,"create a project with name field with less than 2 characters.
Expected: Cannot proceed to 2nd page of the setup.",create project,2021-07-20 14:52:07,2021-07-20 14:53:03,56.048s,PASSED
com.helper.browserhelper.CustomBrowser.login(),Firefox 89.0,,,2021-07-20 14:52:08,2021-07-20 14:52:37,29.850s,PASSED
"click(findTestObject(""CreateNewProject/button_add_project""))",Firefox 89.0,,,2021-07-20 14:52:37,2021-07-20 14:52:39,1.859s,PASSED
"waitForElementVisible(findTestObject(""CreateNewProject/popup_frame_choose_ project_type_domain_or_youtube""), Timeout)",Firefox 89.0,,,2021-07-20 14:52:39,2021-07-20 14:52:40,0.575s,PASSED
"click(findTestObject(""CreateNewProject/button_domain""))",Firefox 89.0,,,2021-07-20 14:52:40,2021-07-20 14:52:41,0.667s,PASSED
"waitForElementPresent(findTestObject(""CreateNewProject/popup_window_creating_project""), Timeout)",Firefox 89.0,,,2021-07-20 14:52:41,2021-07-20 14:52:44,3.721s,PASSED
"setText(findTestObject(""CreateNewProject/FormPage_1/input_project_name""), ""Sa"")",Firefox 89.0,,,2021-07-20 14:52:44,2021-07-20 14:52:52,7.739s,PASSED
"setText(findTestObject(""CreateNewProject/FormPage_1/input_domain_name""), ""detik.com"")",Firefox 89.0,,,2021-07-20 14:52:52,2021-07-20 14:52:53,0.967s,PASSED
"waitForElementVisible(findTestObject(""CreateNewProject/FormPage_1/input_add_your_keyword""), Timeout)",Firefox 89.0,,,2021-07-20 14:52:53,2021-07-20 14:52:53,0.406s,PASSED
"setText(findTestObject(""CreateNewProject/FormPage_1/input_add_your_keyword""), ""politik"")",Firefox 89.0,,,2021-07-20 14:52:53,2021-07-20 14:52:54,0.707s,PASSED
"setText(findTestObject(""CreateNewProject/FormPage_1/input_keyword_suggestions""), ""partai"")",Firefox 89.0,,,2021-07-20 14:52:54,2021-07-20 14:52:55,0.812s,PASSED
"click(findTestObject(""CreateNewProject/FormPage_1/button_next""))",Firefox 89.0,,,2021-07-20 14:52:55,2021-07-20 14:52:56,0.699s,PASSED
delay(3),Firefox 89.0,,,2021-07-20 14:52:56,2021-07-20 14:52:59,3.015s,PASSED
com.helper.browserhelper.CustomBrowser.closeBrowser(),Firefox 89.0,,,2021-07-20 14:52:59,2021-07-20 14:53:03,4.677s,PASSED
,,,,,,,
Test Cases/Create Project/Negative/CreateProjectWithoutAnyEnginesOrDevicesSelectedTestCase,Firefox 89.0,"Create a project without any engines/devices selected.
Expected: Cannot proceed to 3rd page of the setup",create project,2021-07-20 14:53:03,2021-07-20 14:54:09,1m - 6.066s,PASSED
com.helper.browserhelper.CustomBrowser.login(),Firefox 89.0,,,2021-07-20 14:53:04,2021-07-20 14:53:46,42.731s,PASSED
"click(findTestObject(""CreateNewProject/button_add_project""))",Firefox 89.0,,,2021-07-20 14:53:46,2021-07-20 14:53:47,1.091s,PASSED
"waitForElementVisible(findTestObject(""CreateNewProject/popup_frame_choose_ project_type_domain_or_youtube""), Timeout)",Firefox 89.0,,,2021-07-20 14:53:47,2021-07-20 14:53:48,0.630s,PASSED
"click(findTestObject(""CreateNewProject/button_domain""))",Firefox 89.0,,,2021-07-20 14:53:48,2021-07-20 14:53:49,0.655s,PASSED
"waitForElementPresent(findTestObject(""CreateNewProject/popup_window_creating_project""), Timeout)",Firefox 89.0,,,2021-07-20 14:53:49,2021-07-20 14:53:51,2.331s,PASSED
"setText(findTestObject(""CreateNewProject/FormPage_1/input_domain_name""), ""detik.com"")",Firefox 89.0,,,2021-07-20 14:53:51,2021-07-20 14:53:59,7.598s,PASSED
"waitForElementVisible(findTestObject(""CreateNewProject/FormPage_1/input_add_your_keyword""), Timeout)",Firefox 89.0,,,2021-07-20 14:53:59,2021-07-20 14:53:59,0.373s,PASSED
"setText(findTestObject(""CreateNewProject/FormPage_1/input_add_your_keyword""), ""politik"")",Firefox 89.0,,,2021-07-20 14:53:59,2021-07-20 14:54:00,0.691s,PASSED
"setText(findTestObject(""CreateNewProject/FormPage_1/input_keyword_suggestions""), ""partai"")",Firefox 89.0,,,2021-07-20 14:54:00,2021-07-20 14:54:01,0.829s,PASSED
"click(findTestObject(""CreateNewProject/FormPage_1/button_next""))",Firefox 89.0,,,2021-07-20 14:54:01,2021-07-20 14:54:01,0.696s,PASSED
delay(3),Firefox 89.0,,,2021-07-20 14:54:01,2021-07-20 14:54:04,3.013s,PASSED
com.helper.browserhelper.CustomBrowser.closeBrowser(),Firefox 89.0,,,2021-07-20 14:54:04,2021-07-20 14:54:09,5.093s,PASSED
,,,,,,,
Test Cases/Create Project/Negative/CreateProjectWithoutEnteringAnyKeywordsTestCase,Firefox 89.0,"Create a project without entering any keywords.
Expected: Cannot proceed to 2nd page of the setup",create project,2021-07-20 14:54:09,2021-07-20 14:55:45,1m - 36.126s,PASSED
com.helper.browserhelper.CustomBrowser.login(),Firefox 89.0,,,2021-07-20 14:54:10,2021-07-20 14:54:36,26.493s,PASSED
"click(findTestObject(""CreateNewProject/button_add_project""))",Firefox 89.0,,,2021-07-20 14:54:36,2021-07-20 14:54:57,20.448s,PASSED
"waitForElementVisible(findTestObject(""CreateNewProject/popup_frame_choose_ project_type_domain_or_youtube""), Timeout)",Firefox 89.0,,,2021-07-20 14:54:57,2021-07-20 14:54:57,0.656s,PASSED
"click(findTestObject(""CreateNewProject/button_domain""))",Firefox 89.0,,,2021-07-20 14:54:57,2021-07-20 14:54:58,0.662s,PASSED
"waitForElementPresent(findTestObject(""CreateNewProject/popup_window_creating_project""), Timeout)",Firefox 89.0,,,2021-07-20 14:54:58,2021-07-20 14:55:02,4.360s,PASSED
"setText(findTestObject(""CreateNewProject/FormPage_1/input_domain_name""), """")",Firefox 89.0,,,2021-07-20 14:55:02,2021-07-20 14:55:37,35.132s,PASSED
"waitForElementVisible(findTestObject(""CreateNewProject/FormPage_1/input_add_your_keyword""), Timeout)",Firefox 89.0,,,2021-07-20 14:55:37,2021-07-20 14:55:38,0.438s,PASSED
"setText(findTestObject(""CreateNewProject/FormPage_1/input_add_your_keyword""), """")",Firefox 89.0,,,2021-07-20 14:55:38,2021-07-20 14:55:39,0.702s,PASSED
"setText(findTestObject(""CreateNewProject/FormPage_1/input_keyword_suggestions""), """")",Firefox 89.0,,,2021-07-20 14:55:39,2021-07-20 14:55:39,0.694s,PASSED
"click(findTestObject(""CreateNewProject/FormPage_1/button_next""))",Firefox 89.0,,,2021-07-20 14:55:39,2021-07-20 14:55:40,0.708s,PASSED
delay(3),Firefox 89.0,,,2021-07-20 14:55:40,2021-07-20 14:55:43,3.005s,PASSED
com.helper.browserhelper.CustomBrowser.closeBrowser(),Firefox 89.0,,,2021-07-20 14:55:43,2021-07-20 14:55:45,2.476s,PASSED
,,,,,,,
Test Cases/Create Project/Negative/CreateProjectWithoutFillingDomainFieldTestCase,Firefox 89.0,"Create a project without filling the domain field.
Expected: Cannot proceed to 2nd page of the setup",create project,2021-07-20 14:55:45,2021-07-20 14:57:32,1m - 46.128s,FAILED
com.helper.browserhelper.CustomBrowser.login(),Firefox 89.0,,,2021-07-20 14:55:46,2021-07-20 14:56:23,37.314s,PASSED
"click(findTestObject(""CreateNewProject/button_add_project""))",Firefox 89.0,,,2021-07-20 14:56:23,2021-07-20 14:56:32,9.285s,PASSED
"waitForElementVisible(findTestObject(""CreateNewProject/popup_frame_choose_ project_type_domain_or_youtube""), Timeout)",Firefox 89.0,,,2021-07-20 14:56:32,2021-07-20 14:57:31,58.516s,PASSED
"click(findTestObject(""CreateNewProject/button_domain""))",Firefox 89.0,,,2021-07-20 14:57:31,2021-07-20 14:57:32,0.659s,FAILED
,,,,,,,
Test Cases/Create Project/Negative/CreateProjectWithoutFillingNameFieldTestCase,Firefox 89.0,"Create a project without filling the name field.
Expected: Cannot proceed to 2nd page of the setup",create project,2021-07-20 14:57:32,2021-07-20 14:59:35,2m - 3.104s,PASSED
com.helper.browserhelper.CustomBrowser.login(),Firefox 89.0,,,2021-07-20 14:57:32,2021-07-20 14:58:13,40.702s,PASSED
"click(findTestObject(""CreateNewProject/button_add_project""))",Firefox 89.0,,,2021-07-20 14:58:13,2021-07-20 14:58:45,32.473s,PASSED
"waitForElementVisible(findTestObject(""CreateNewProject/popup_frame_choose_ project_type_domain_or_youtube""), Timeout)",Firefox 89.0,,,2021-07-20 14:58:45,2021-07-20 14:59:06,21.333s,PASSED
"click(findTestObject(""CreateNewProject/button_domain""))",Firefox 89.0,,,2021-07-20 14:59:06,2021-07-20 14:59:07,0.629s,PASSED
"waitForElementPresent(findTestObject(""CreateNewProject/popup_window_creating_project""), Timeout)",Firefox 89.0,,,2021-07-20 14:59:07,2021-07-20 14:59:11,3.922s,PASSED
"setText(findTestObject(""CreateNewProject/FormPage_1/input_domain_name""), ""detik.com"")",Firefox 89.0,,,2021-07-20 14:59:11,2021-07-20 14:59:20,9.149s,PASSED
"waitForElementVisible(findTestObject(""CreateNewProject/FormPage_1/input_add_your_keyword""), Timeout)",Firefox 89.0,,,2021-07-20 14:59:20,2021-07-20 14:59:21,0.410s,PASSED
"setText(findTestObject(""CreateNewProject/FormPage_1/input_add_your_keyword""), ""politik"")",Firefox 89.0,,,2021-07-20 14:59:21,2021-07-20 14:59:21,0.756s,PASSED
"setText(findTestObject(""CreateNewProject/FormPage_1/input_keyword_suggestions""), ""partai"")",Firefox 89.0,,,2021-07-20 14:59:21,2021-07-20 14:59:22,0.828s,PASSED
"click(findTestObject(""CreateNewProject/FormPage_1/button_next""))",Firefox 89.0,,,2021-07-20 14:59:22,2021-07-20 14:59:23,0.690s,PASSED
delay(3),Firefox 89.0,,,2021-07-20 14:59:23,2021-07-20 14:59:26,3.006s,PASSED
com.helper.browserhelper.CustomBrowser.closeBrowser(),Firefox 89.0,,,2021-07-20 14:59:26,2021-07-20 14:59:35,8.860s,PASSED
,,,,,,,
Test Cases/Create Project/Negative/UploadCsvWithoutSelectingAnyKeywordsTestCase,Firefox 89.0,"upload a csv without selecting any keywords.
Expected: Csv no uploaded, user prompted to select at least one keyword",create project,2021-07-20 14:59:35,2021-07-20 15:01:11,1m - 36.738s,PASSED
com.helper.browserhelper.CustomBrowser.login(),Firefox 89.0,,,2021-07-20 14:59:35,2021-07-20 15:00:01,26.170s,PASSED
"click(findTestObject(""CreateNewProject/button_add_project""))",Firefox 89.0,,,2021-07-20 15:00:01,2021-07-20 15:00:33,31.784s,PASSED
"waitForElementVisible(findTestObject(""CreateNewProject/popup_frame_choose_ project_type_domain_or_youtube""), Timeout)",Firefox 89.0,,,2021-07-20 15:00:33,2021-07-20 15:00:36,2.572s,PASSED
"click(findTestObject(""CreateNewProject/button_domain""))",Firefox 89.0,,,2021-07-20 15:00:36,2021-07-20 15:00:36,0.615s,PASSED
"waitForElementPresent(findTestObject(""CreateNewProject/popup_window_creating_project""), Timeout)",Firefox 89.0,,,2021-07-20 15:00:36,2021-07-20 15:00:39,2.853s,PASSED
"setText(findTestObject(""CreateNewProject/FormPage_1/input_domain_name""), ""detik.com"")",Firefox 89.0,,,2021-07-20 15:00:39,2021-07-20 15:00:49,9.703s,PASSED
"waitForElementVisible(findTestObject(""CreateNewProject/FormPage_1/input_add_your_keyword""), Timeout)",Firefox 89.0,,,2021-07-20 15:00:49,2021-07-20 15:00:49,0.406s,PASSED
"setText(findTestObject(""CreateNewProject/FormPage_1/input_add_your_keyword""), ""politik"")",Firefox 89.0,,,2021-07-20 15:00:49,2021-07-20 15:00:50,0.749s,PASSED
"setText(findTestObject(""CreateNewProject/FormPage_1/input_keyword_suggestions""), ""partai"")",Firefox 89.0,,,2021-07-20 15:00:50,2021-07-20 15:00:51,0.791s,PASSED
"click(findTestObject(""CreateNewProject/FormPage_1/button_next""))",Firefox 89.0,,,2021-07-20 15:00:51,2021-07-20 15:00:51,0.692s,PASSED
delay(3),Firefox 89.0,,,2021-07-20 15:00:51,2021-07-20 15:00:54,3.014s,PASSED
com.helper.browserhelper.CustomBrowser.closeBrowser(),Firefox 89.0,,,2021-07-20 15:00:54,2021-07-20 15:01:11,17.058s,PASSED
