Suite/Test/Step Name,Browser,Description,Tag,Start time,End time,Duration,Status
RunAllTestCasesTestSuite,Firefox 89.0,,,2021-07-20 17:11:18,2021-07-20 17:28:03,16m - 45.123s,PASSED
,,,,,,,
Test Cases/RegisterAndLogin/Negative/TS-LGN-24-LoginWithUnregisteredEmailTestCase,Firefox 89.0,Login with Unregistered Email Test Case,login,2021-07-20 17:11:19,2021-07-20 17:11:56,37.228s,PASSED
com.helper.browserhelper.CustomBrowser.openBrowser(),Firefox 89.0,,,2021-07-20 17:11:19,2021-07-20 17:11:43,23.572s,PASSED
"setText(findTestObject(""LoginPage/input_sign in_email""), ""aaa@gmail.com"")",Firefox 89.0,,,2021-07-20 17:11:43,2021-07-20 17:11:44,1.517s,PASSED
"setText(findTestObject(""LoginPage/input_sign in_password""), ""abc"")",Firefox 89.0,,,2021-07-20 17:11:44,2021-07-20 17:11:45,0.922s,PASSED
"click(findTestObject(""LoginPage/button_login""))",Firefox 89.0,,,2021-07-20 17:11:45,2021-07-20 17:11:52,6.694s,PASSED
waitForPageLoad(Timeout),Firefox 89.0,,,2021-07-20 17:11:52,2021-07-20 17:11:52,0.049s,PASSED
com.helper.browserhelper.CustomBrowser.closeBrowser(),Firefox 89.0,,,2021-07-20 17:11:52,2021-07-20 17:11:56,3.922s,PASSED
,,,,,,,
Test Cases/RegisterAndLogin/Negative/TS-LGN-25-LoginWithWrongPasswordTestCase,Firefox 89.0,Login With Wrong Password,login,2021-07-20 17:11:56,2021-07-20 17:12:41,45.610s,PASSED
com.helper.browserhelper.CustomBrowser.openBrowser(),Firefox 89.0,,,2021-07-20 17:11:56,2021-07-20 17:12:34,38.092s,PASSED
"setText(findTestObject(""LoginPage/input_sign in_email""), LoginUsername)",Firefox 89.0,,,2021-07-20 17:12:34,2021-07-20 17:12:35,0.902s,PASSED
"setText(findTestObject(""LoginPage/input_sign in_password""), ""abc"")",Firefox 89.0,,,2021-07-20 17:12:35,2021-07-20 17:12:36,0.988s,PASSED
"click(findTestObject(""LoginPage/button_login""))",Firefox 89.0,,,2021-07-20 17:12:36,2021-07-20 17:12:39,3.218s,PASSED
waitForPageLoad(Timeout),Firefox 89.0,,,2021-07-20 17:12:39,2021-07-20 17:12:40,0.044s,PASSED
com.helper.browserhelper.CustomBrowser.closeBrowser(),Firefox 89.0,,,2021-07-20 17:12:40,2021-07-20 17:12:41,1.949s,PASSED
,,,,,,,
Test Cases/RegisterAndLogin/Positive/TS-LGN-4-LoginThroughTheAppTestCase,Firefox 89.0,LoginTestCase,login,2021-07-20 17:12:41,2021-07-20 17:13:09,27.974s,PASSED
openBrowser(LoginUrl),Firefox 89.0,,,2021-07-20 17:12:42,2021-07-20 17:12:57,14.689s,PASSED
waitForPageLoad(Timeout),Firefox 89.0,,,2021-07-20 17:12:57,2021-07-20 17:12:57,0.056s,PASSED
maximizeWindow(),Firefox 89.0,,,2021-07-20 17:12:57,2021-07-20 17:12:57,0.031s,PASSED
waitForPageLoad(Timeout),Firefox 89.0,,,2021-07-20 17:12:57,2021-07-20 17:12:57,0.044s,PASSED
"sendKeys(findTestObject(""LoginPage/input_sign in_email""), LoginUsername)",Firefox 89.0,,,2021-07-20 17:12:57,2021-07-20 17:12:57,0.542s,PASSED
"sendKeys(findTestObject(""LoginPage/input_sign in_password""), LoginPassword)",Firefox 89.0,,,2021-07-20 17:12:57,2021-07-20 17:12:58,0.413s,PASSED
"click(findTestObject(""LoginPage/button_login""))",Firefox 89.0,,,2021-07-20 17:12:58,2021-07-20 17:13:06,8.500s,PASSED
waitForPageLoad(Timeout),Firefox 89.0,,,2021-07-20 17:13:06,2021-07-20 17:13:06,0.141s,PASSED
closeBrowser(),Firefox 89.0,,,2021-07-20 17:13:06,2021-07-20 17:13:09,3.154s,PASSED
,,,,,,,
Test Cases/RegisterAndLogin/Negative/TS-LGN-20-RegisterWithEmailFieldEmptyTestCase,Firefox 89.0,"Register With Email Field Empty.
Expected: Display error message ""please fill out this field"" on the email field.",register,2021-07-20 17:13:09,2021-07-20 17:13:44,34.367s,PASSED
com.helper.browserhelper.CustomBrowser.openRegisterPage(),Firefox 89.0,,,2021-07-20 17:13:10,2021-07-20 17:13:30,20.219s,PASSED
waitForPageLoad(Timeout),Firefox 89.0,,,2021-07-20 17:13:30,2021-07-20 17:13:30,0.083s,PASSED
"setText(findTestObject(""RegisterPage/input_signup_name""), ""aaa"")",Firefox 89.0,,,2021-07-20 17:13:30,2021-07-20 17:13:33,3.143s,PASSED
"setText(findTestObject(""RegisterPage/input_signup_email""), """")",Firefox 89.0,,,2021-07-20 17:13:33,2021-07-20 17:13:34,0.950s,PASSED
"setText(findTestObject(""RegisterPage/input_signup_password""), ""aaaaaa"")",Firefox 89.0,,,2021-07-20 17:13:34,2021-07-20 17:13:35,0.727s,PASSED
"setText(findTestObject(""RegisterPage/input_signup_password_confirmation""), ""aaaaaa"")",Firefox 89.0,,,2021-07-20 17:13:35,2021-07-20 17:13:36,1.109s,PASSED
"check(findTestObject(""RegisterPage/checkbox_agreement""))",Firefox 89.0,,,2021-07-20 17:13:36,2021-07-20 17:13:37,0.750s,PASSED
"click(findTestObject(""RegisterPage/button_register""))",Firefox 89.0,,,2021-07-20 17:13:37,2021-07-20 17:13:38,0.949s,PASSED
waitForPageLoad(Timeout),Firefox 89.0,,,2021-07-20 17:13:38,2021-07-20 17:13:38,0.018s,PASSED
delay(3),Firefox 89.0,,,2021-07-20 17:13:38,2021-07-20 17:13:41,3.055s,PASSED
com.helper.browserhelper.CustomBrowser.closeBrowser(),Firefox 89.0,,,2021-07-20 17:13:41,2021-07-20 17:13:44,2.857s,PASSED
,,,,,,,
Test Cases/RegisterAndLogin/Negative/TS-LGN-15-RegisterWithInvalidNameFormatTestCase,Firefox 89.0,"Register With Invalid Name Format.
Expected: Display error message ""The name format is invalid"" below the Name field.",register,2021-07-20 17:13:44,2021-07-20 17:14:21,37.538s,PASSED
com.helper.browserhelper.CustomBrowser.openRegisterPage(),Firefox 89.0,,,2021-07-20 17:13:44,2021-07-20 17:14:05,20.986s,PASSED
waitForPageLoad(Timeout),Firefox 89.0,,,2021-07-20 17:14:05,2021-07-20 17:14:05,0.067s,PASSED
"setText(findTestObject(""RegisterPage/input_signup_name""), ""@#$@#$"")",Firefox 89.0,,,2021-07-20 17:14:05,2021-07-20 17:14:07,1.368s,PASSED
"setText(findTestObject(""RegisterPage/input_signup_email""), ""aaa@gmail.com"")",Firefox 89.0,,,2021-07-20 17:14:07,2021-07-20 17:14:08,0.926s,PASSED
"setText(findTestObject(""RegisterPage/input_signup_password""), ""aaaaaa"")",Firefox 89.0,,,2021-07-20 17:14:08,2021-07-20 17:14:09,0.924s,PASSED
"setText(findTestObject(""RegisterPage/input_signup_password_confirmation""), ""aaaaaa"")",Firefox 89.0,,,2021-07-20 17:14:09,2021-07-20 17:14:10,1.005s,PASSED
"check(findTestObject(""RegisterPage/checkbox_agreement""))",Firefox 89.0,,,2021-07-20 17:14:10,2021-07-20 17:14:10,0.740s,PASSED
"click(findTestObject(""RegisterPage/button_register""))",Firefox 89.0,,,2021-07-20 17:14:10,2021-07-20 17:14:15,4.695s,PASSED
waitForPageLoad(Timeout),Firefox 89.0,,,2021-07-20 17:14:15,2021-07-20 17:14:15,0.059s,PASSED
delay(3),Firefox 89.0,,,2021-07-20 17:14:15,2021-07-20 17:14:18,3.011s,PASSED
com.helper.browserhelper.CustomBrowser.closeBrowser(),Firefox 89.0,,,2021-07-20 17:14:18,2021-07-20 17:14:21,3.255s,PASSED
,,,,,,,
Test Cases/RegisterAndLogin/Negative/TS-LGN-19-RegisterWithNameFieldEmptyTestCase,Firefox 89.0,RegisterWithNameFieldEmpty,register,2021-07-20 17:14:21,2021-07-20 17:14:53,31.365s,PASSED
com.helper.browserhelper.CustomBrowser.openRegisterPage(),Firefox 89.0,,,2021-07-20 17:14:22,2021-07-20 17:14:42,20.369s,PASSED
waitForPageLoad(Timeout),Firefox 89.0,,,2021-07-20 17:14:42,2021-07-20 17:14:42,0.074s,PASSED
"setText(findTestObject(""RegisterPage/input_signup_name""), """")",Firefox 89.0,,,2021-07-20 17:14:42,2021-07-20 17:14:43,1.055s,PASSED
"setText(findTestObject(""RegisterPage/input_signup_email""), ""aaa@gmail.com"")",Firefox 89.0,,,2021-07-20 17:14:43,2021-07-20 17:14:44,0.808s,PASSED
"setText(findTestObject(""RegisterPage/input_signup_password""), ""aaaaaa"")",Firefox 89.0,,,2021-07-20 17:14:44,2021-07-20 17:14:45,0.862s,PASSED
"setText(findTestObject(""RegisterPage/input_signup_password_confirmation""), ""aaaaaa"")",Firefox 89.0,,,2021-07-20 17:14:45,2021-07-20 17:14:46,0.922s,PASSED
"check(findTestObject(""RegisterPage/checkbox_agreement""))",Firefox 89.0,,,2021-07-20 17:14:46,2021-07-20 17:14:47,0.661s,PASSED
"click(findTestObject(""RegisterPage/button_register""))",Firefox 89.0,,,2021-07-20 17:14:47,2021-07-20 17:14:47,0.654s,PASSED
waitForPageLoad(Timeout),Firefox 89.0,,,2021-07-20 17:14:47,2021-07-20 17:14:47,0.020s,PASSED
delay(3),Firefox 89.0,,,2021-07-20 17:14:47,2021-07-20 17:14:50,3.013s,PASSED
com.helper.browserhelper.CustomBrowser.closeBrowser(),Firefox 89.0,,,2021-07-20 17:14:50,2021-07-20 17:14:53,2.559s,PASSED
,,,,,,,
Test Cases/RegisterAndLogin/Negative/TS-LGN-14-RegisterWithNameUnder3CharactersTestCase,Firefox 89.0,RegisterWithNameUnder3CharactersTestCase,register,2021-07-20 17:14:53,2021-07-20 17:15:30,37.460s,PASSED
com.helper.browserhelper.CustomBrowser.openRegisterPage(),Firefox 89.0,,,2021-07-20 17:14:53,2021-07-20 17:15:15,21.750s,PASSED
waitForPageLoad(Timeout),Firefox 89.0,,,2021-07-20 17:15:15,2021-07-20 17:15:15,0.069s,PASSED
"setText(findTestObject(""RegisterPage/input_signup_name""), ""aa"")",Firefox 89.0,,,2021-07-20 17:15:15,2021-07-20 17:15:16,0.910s,PASSED
"setText(findTestObject(""RegisterPage/input_signup_email""), ""aaa@gmail.com"")",Firefox 89.0,,,2021-07-20 17:15:16,2021-07-20 17:15:17,0.887s,PASSED
"setText(findTestObject(""RegisterPage/input_signup_password""), ""aaaaaa"")",Firefox 89.0,,,2021-07-20 17:15:17,2021-07-20 17:15:18,0.839s,PASSED
"setText(findTestObject(""RegisterPage/input_signup_password_confirmation""), ""aaaaaa"")",Firefox 89.0,,,2021-07-20 17:15:18,2021-07-20 17:15:19,0.936s,PASSED
"check(findTestObject(""RegisterPage/checkbox_agreement""))",Firefox 89.0,,,2021-07-20 17:15:19,2021-07-20 17:15:19,0.685s,PASSED
"click(findTestObject(""RegisterPage/button_register""))",Firefox 89.0,,,2021-07-20 17:15:19,2021-07-20 17:15:24,4.383s,PASSED
waitForPageLoad(Timeout),Firefox 89.0,,,2021-07-20 17:15:24,2021-07-20 17:15:24,0.037s,PASSED
delay(3),Firefox 89.0,,,2021-07-20 17:15:24,2021-07-20 17:15:27,3.016s,PASSED
com.helper.browserhelper.CustomBrowser.closeBrowser(),Firefox 89.0,,,2021-07-20 17:15:27,2021-07-20 17:15:30,3.463s,PASSED
,,,,,,,
Test Cases/RegisterAndLogin/Negative/TS-LGN-17-RegisterWithNotMatchingPasswordConfirmTestCase,Firefox 89.0,RegisterWithNotMatchingPasswordConfirmTestCase,register,2021-07-20 17:15:30,2021-07-20 17:16:09,38.703s,PASSED
com.helper.browserhelper.CustomBrowser.openRegisterPage(),Firefox 89.0,,,2021-07-20 17:15:31,2021-07-20 17:15:53,22.099s,PASSED
waitForPageLoad(Timeout),Firefox 89.0,,,2021-07-20 17:15:53,2021-07-20 17:15:53,0.065s,PASSED
"setText(findTestObject(""RegisterPage/input_signup_name""), ""aabbbccc"")",Firefox 89.0,,,2021-07-20 17:15:53,2021-07-20 17:15:54,1.164s,PASSED
"setText(findTestObject(""RegisterPage/input_signup_email""), ""aaa@gmail.com"")",Firefox 89.0,,,2021-07-20 17:15:54,2021-07-20 17:15:55,0.887s,PASSED
"setText(findTestObject(""RegisterPage/input_signup_password""), ""aaaaaa"")",Firefox 89.0,,,2021-07-20 17:15:55,2021-07-20 17:15:56,0.929s,PASSED
"setText(findTestObject(""RegisterPage/input_signup_password_confirmation""), ""aaabbb"")",Firefox 89.0,,,2021-07-20 17:15:56,2021-07-20 17:15:57,0.929s,PASSED
"check(findTestObject(""RegisterPage/checkbox_agreement""))",Firefox 89.0,,,2021-07-20 17:15:57,2021-07-20 17:15:57,0.671s,PASSED
"click(findTestObject(""RegisterPage/button_register""))",Firefox 89.0,,,2021-07-20 17:15:57,2021-07-20 17:16:02,4.576s,PASSED
waitForPageLoad(Timeout),Firefox 89.0,,,2021-07-20 17:16:02,2021-07-20 17:16:02,0.036s,PASSED
delay(3),Firefox 89.0,,,2021-07-20 17:16:02,2021-07-20 17:16:05,3.013s,PASSED
com.helper.browserhelper.CustomBrowser.closeBrowser(),Firefox 89.0,,,2021-07-20 17:16:05,2021-07-20 17:16:09,3.963s,PASSED
,,,,,,,
Test Cases/RegisterAndLogin/Negative/TS-LGN-16-RegisterWithoutAcceptingToSTestCase,Firefox 89.0,RegisterWithoutAcceptingToSTestCase,register,2021-07-20 17:16:09,2021-07-20 17:16:56,47.384s,PASSED
com.helper.browserhelper.CustomBrowser.openRegisterPage(),Firefox 89.0,,,2021-07-20 17:16:09,2021-07-20 17:16:44,35.003s,PASSED
waitForPageLoad(Timeout),Firefox 89.0,,,2021-07-20 17:16:44,2021-07-20 17:16:44,0.096s,PASSED
"setText(findTestObject(""RegisterPage/input_signup_name""), ""aabbbccc"")",Firefox 89.0,,,2021-07-20 17:16:44,2021-07-20 17:16:46,1.104s,PASSED
"setText(findTestObject(""RegisterPage/input_signup_email""), ""aaa@gmail.com"")",Firefox 89.0,,,2021-07-20 17:16:46,2021-07-20 17:16:47,0.978s,PASSED
"setText(findTestObject(""RegisterPage/input_signup_password""), ""aaaaaa"")",Firefox 89.0,,,2021-07-20 17:16:47,2021-07-20 17:16:47,0.972s,PASSED
"setText(findTestObject(""RegisterPage/input_signup_password_confirmation""), ""aaaaaa"")",Firefox 89.0,,,2021-07-20 17:16:47,2021-07-20 17:16:48,0.930s,PASSED
"click(findTestObject(""RegisterPage/button_register""))",Firefox 89.0,,,2021-07-20 17:16:48,2021-07-20 17:16:49,0.623s,PASSED
waitForPageLoad(Timeout),Firefox 89.0,,,2021-07-20 17:16:49,2021-07-20 17:16:49,0.019s,PASSED
delay(3),Firefox 89.0,,,2021-07-20 17:16:49,2021-07-20 17:16:52,3.012s,PASSED
com.helper.browserhelper.CustomBrowser.closeBrowser(),Firefox 89.0,,,2021-07-20 17:16:52,2021-07-20 17:16:56,4.250s,PASSED
,,,,,,,
Test Cases/RegisterAndLogin/Negative/TS-LGN-18-RegisterWithoutFillingPasswordConfFieldTestCase,Firefox 89.0,RegisterWithoutFillingPasswordConfField,register,2021-07-20 17:16:56,2021-07-20 17:17:26,30.085s,PASSED
com.helper.browserhelper.CustomBrowser.openRegisterPage(),Firefox 89.0,,,2021-07-20 17:16:57,2021-07-20 17:17:17,20.202s,PASSED
waitForPageLoad(Timeout),Firefox 89.0,,,2021-07-20 17:17:17,2021-07-20 17:17:17,0.033s,PASSED
"setText(findTestObject(""RegisterPage/input_signup_name""), ""aabbbccc"")",Firefox 89.0,,,2021-07-20 17:17:17,2021-07-20 17:17:18,0.725s,PASSED
"setText(findTestObject(""RegisterPage/input_signup_email""), ""aaa@gmail.com"")",Firefox 89.0,,,2021-07-20 17:17:18,2021-07-20 17:17:19,0.921s,PASSED
"setText(findTestObject(""RegisterPage/input_signup_password""), ""aaaaaa"")",Firefox 89.0,,,2021-07-20 17:17:19,2021-07-20 17:17:20,0.889s,PASSED
"check(findTestObject(""RegisterPage/checkbox_agreement""))",Firefox 89.0,,,2021-07-20 17:17:20,2021-07-20 17:17:20,0.667s,PASSED
"click(findTestObject(""RegisterPage/button_register""))",Firefox 89.0,,,2021-07-20 17:17:20,2021-07-20 17:17:21,0.595s,PASSED
waitForPageLoad(Timeout),Firefox 89.0,,,2021-07-20 17:17:21,2021-07-20 17:17:21,0.019s,PASSED
delay(3),Firefox 89.0,,,2021-07-20 17:17:21,2021-07-20 17:17:24,3.008s,PASSED
com.helper.browserhelper.CustomBrowser.closeBrowser(),Firefox 89.0,,,2021-07-20 17:17:24,2021-07-20 17:17:26,2.530s,PASSED
,,,,,,,
Test Cases/RegisterAndLogin/Negative/TS-LGN-21-RegisterWithPasswordFieldEmptyTestCase,Firefox 89.0,RegisterWithPasswordFieldEmpty,register,2021-07-20 17:17:26,2021-07-20 17:17:52,26.068s,PASSED
com.helper.browserhelper.CustomBrowser.openRegisterPage(),Firefox 89.0,,,2021-07-20 17:17:27,2021-07-20 17:17:43,16.083s,PASSED
waitForPageLoad(Timeout),Firefox 89.0,,,2021-07-20 17:17:43,2021-07-20 17:17:43,0.081s,PASSED
"setText(findTestObject(""RegisterPage/input_signup_name""), ""aabbbccc"")",Firefox 89.0,,,2021-07-20 17:17:43,2021-07-20 17:17:44,1.252s,PASSED
"setText(findTestObject(""RegisterPage/input_signup_email""), ""aaa@gmail.com"")",Firefox 89.0,,,2021-07-20 17:17:44,2021-07-20 17:17:45,0.976s,PASSED
"setText(findTestObject(""RegisterPage/input_signup_password_confirmation""), ""aaaaaa"")",Firefox 89.0,,,2021-07-20 17:17:45,2021-07-20 17:17:46,0.875s,PASSED
"check(findTestObject(""RegisterPage/checkbox_agreement""))",Firefox 89.0,,,2021-07-20 17:17:46,2021-07-20 17:17:47,0.623s,PASSED
"click(findTestObject(""RegisterPage/button_register""))",Firefox 89.0,,,2021-07-20 17:17:47,2021-07-20 17:17:47,0.639s,PASSED
waitForPageLoad(Timeout),Firefox 89.0,,,2021-07-20 17:17:47,2021-07-20 17:17:47,0.031s,PASSED
delay(3),Firefox 89.0,,,2021-07-20 17:17:47,2021-07-20 17:17:50,3.014s,PASSED
com.helper.browserhelper.CustomBrowser.closeBrowser(),Firefox 89.0,,,2021-07-20 17:17:50,2021-07-20 17:17:52,2.118s,PASSED
,,,,,,,
Test Cases/RegisterAndLogin/Negative/TS-LGN-13-RegisterWithPasswordUnder6CharactersTestCase,Firefox 89.0,RegisterWithPasswordUnderSixCharacters,register,2021-07-20 17:17:53,2021-07-20 17:18:29,36.365s,PASSED
com.helper.browserhelper.CustomBrowser.openRegisterPage(),Firefox 89.0,,,2021-07-20 17:17:53,2021-07-20 17:18:14,21.289s,PASSED
waitForPageLoad(Timeout),Firefox 89.0,,,2021-07-20 17:18:14,2021-07-20 17:18:14,0.036s,PASSED
"setText(findTestObject(""RegisterPage/input_signup_name""), ""aabbbccc"")",Firefox 89.0,,,2021-07-20 17:18:14,2021-07-20 17:18:16,1.346s,PASSED
"setText(findTestObject(""RegisterPage/input_signup_email""), ""aaa@gmail.com"")",Firefox 89.0,,,2021-07-20 17:18:16,2021-07-20 17:18:16,0.900s,PASSED
"setText(findTestObject(""RegisterPage/input_signup_password""), ""aaa"")",Firefox 89.0,,,2021-07-20 17:18:16,2021-07-20 17:18:17,0.909s,PASSED
"setText(findTestObject(""RegisterPage/input_signup_password_confirmation""), ""aaa"")",Firefox 89.0,,,2021-07-20 17:18:17,2021-07-20 17:18:18,0.968s,PASSED
"check(findTestObject(""RegisterPage/checkbox_agreement""))",Firefox 89.0,,,2021-07-20 17:18:18,2021-07-20 17:18:19,0.632s,PASSED
"click(findTestObject(""RegisterPage/button_register""))",Firefox 89.0,,,2021-07-20 17:18:19,2021-07-20 17:18:24,4.561s,PASSED
waitForPageLoad(Timeout),Firefox 89.0,,,2021-07-20 17:18:24,2021-07-20 17:18:24,0.076s,PASSED
delay(3),Firefox 89.0,,,2021-07-20 17:18:24,2021-07-20 17:18:27,3.017s,PASSED
com.helper.browserhelper.CustomBrowser.closeBrowser(),Firefox 89.0,,,2021-07-20 17:18:27,2021-07-20 17:18:29,2.238s,PASSED
,,,,,,,
Test Cases/RegisterAndLogin/Negative/TS-LGN-12-RegisterWithWrongEmailFormatTestCase,Firefox 89.0,RegisterWithWrongEmailFormat,register,2021-07-20 17:18:29,2021-07-20 17:19:02,32.688s,PASSED
com.helper.browserhelper.CustomBrowser.openRegisterPage(),Firefox 89.0,,,2021-07-20 17:18:29,2021-07-20 17:18:48,18.642s,PASSED
waitForPageLoad(Timeout),Firefox 89.0,,,2021-07-20 17:18:48,2021-07-20 17:18:48,0.034s,PASSED
"setText(findTestObject(""RegisterPage/input_signup_name""), ""aabbbccc"")",Firefox 89.0,,,2021-07-20 17:18:48,2021-07-20 17:18:50,2.330s,PASSED
"setText(findTestObject(""RegisterPage/input_signup_email""), ""aaabc"")",Firefox 89.0,,,2021-07-20 17:18:50,2021-07-20 17:18:51,0.884s,PASSED
"setText(findTestObject(""RegisterPage/input_signup_password""), ""aaabbb"")",Firefox 89.0,,,2021-07-20 17:18:51,2021-07-20 17:18:52,0.889s,PASSED
"setText(findTestObject(""RegisterPage/input_signup_password_confirmation""), ""aaabbb"")",Firefox 89.0,,,2021-07-20 17:18:52,2021-07-20 17:18:53,0.920s,PASSED
"check(findTestObject(""RegisterPage/checkbox_agreement""))",Firefox 89.0,,,2021-07-20 17:18:53,2021-07-20 17:18:54,0.673s,PASSED
"click(findTestObject(""RegisterPage/button_register""))",Firefox 89.0,,,2021-07-20 17:18:54,2021-07-20 17:18:54,0.661s,PASSED
waitForPageLoad(Timeout),Firefox 89.0,,,2021-07-20 17:18:54,2021-07-20 17:18:54,0.034s,PASSED
delay(3),Firefox 89.0,,,2021-07-20 17:18:54,2021-07-20 17:18:57,3.006s,PASSED
com.helper.browserhelper.CustomBrowser.closeBrowser(),Firefox 89.0,,,2021-07-20 17:18:57,2021-07-20 17:19:02,4.153s,PASSED
,,,,,,,
Test Cases/Create Project/Negative/TS-CPR-27-CreateProjectAndClickAddCompetitorButDoNotFillFieldTestCase,Firefox 89.0,"Create a project, click add competitor but do not fill the field.
Expected: Cannot proceed to 2nd page of the setup",create project,2021-07-20 17:19:02,2021-07-20 17:19:56,54.193s,PASSED
com.helper.browserhelper.CustomBrowser.login(),Firefox 89.0,,,2021-07-20 17:19:02,2021-07-20 17:19:29,27.211s,PASSED
"click(findTestObject(""CreateNewProject/button_add_project""))",Firefox 89.0,,,2021-07-20 17:19:29,2021-07-20 17:19:30,1.266s,PASSED
"waitForElementVisible(findTestObject(""CreateNewProject/popup_frame_choose_ project_type_domain_or_youtube""), Timeout)",Firefox 89.0,,,2021-07-20 17:19:30,2021-07-20 17:19:32,1.249s,PASSED
"click(findTestObject(""CreateNewProject/button_domain""))",Firefox 89.0,,,2021-07-20 17:19:32,2021-07-20 17:19:32,0.662s,PASSED
"waitForElementPresent(findTestObject(""CreateNewProject/popup_window_creating_project""), Timeout)",Firefox 89.0,,,2021-07-20 17:19:32,2021-07-20 17:19:41,8.755s,PASSED
"setText(findTestObject(""CreateNewProject/FormPage_1/input_domain_name""), ""detik.com"")",Firefox 89.0,,,2021-07-20 17:19:41,2021-07-20 17:19:49,8.003s,PASSED
"waitForElementVisible(findTestObject(""CreateNewProject/FormPage_1/input_add_your_keyword""), Timeout)",Firefox 89.0,,,2021-07-20 17:19:49,2021-07-20 17:19:50,0.540s,PASSED
"setText(findTestObject(""CreateNewProject/FormPage_1/input_add_your_keyword""), ""politik"")",Firefox 89.0,,,2021-07-20 17:19:50,2021-07-20 17:19:50,0.719s,PASSED
"setText(findTestObject(""CreateNewProject/FormPage_1/input_keyword_suggestions""), ""partai"")",Firefox 89.0,,,2021-07-20 17:19:50,2021-07-20 17:19:51,0.789s,PASSED
"click(findTestObject(""CreateNewProject/FormPage_1/button_next""))",Firefox 89.0,,,2021-07-20 17:19:51,2021-07-20 17:19:52,0.713s,PASSED
"setText(findTestObject(""CreateNewProject/FormPage_1/input_add_your_keyword""), ""merdeka"")",Firefox 89.0,,,2021-07-20 17:19:52,2021-07-20 17:19:53,0.909s,PASSED
delay(3),Firefox 89.0,,,2021-07-20 17:19:53,2021-07-20 17:19:56,3.002s,PASSED
,,,,,,,
Test Cases/Create Project/Negative/TS-CPR-33-CreateProjectThatIsGoingOverTheChecksLimitOfTheUsersPlanTestCase,Firefox 89.0,"Create project that is going over the checks limit of the users plan.
Expected: User cannot complete project setup, is prompted to upgrade the plan",create project,2021-07-20 17:19:56,2021-07-20 17:21:02,1m - 5.896s,PASSED
com.helper.browserhelper.CustomBrowser.login(),Firefox 89.0,,,2021-07-20 17:19:56,2021-07-20 17:20:25,28.800s,PASSED
"click(findTestObject(""CreateNewProject/button_add_project""))",Firefox 89.0,,,2021-07-20 17:20:25,2021-07-20 17:20:39,13.873s,PASSED
"waitForElementVisible(findTestObject(""CreateNewProject/popup_frame_choose_ project_type_domain_or_youtube""), Timeout)",Firefox 89.0,,,2021-07-20 17:20:39,2021-07-20 17:20:40,0.643s,PASSED
"click(findTestObject(""CreateNewProject/button_domain""))",Firefox 89.0,,,2021-07-20 17:20:40,2021-07-20 17:20:40,0.589s,PASSED
"waitForElementPresent(findTestObject(""CreateNewProject/popup_window_creating_project""), Timeout)",Firefox 89.0,,,2021-07-20 17:20:40,2021-07-20 17:20:53,12.397s,PASSED
"setText(findTestObject(""CreateNewProject/FormPage_1/input_domain_name""), ""detik.com"")",Firefox 89.0,,,2021-07-20 17:20:53,2021-07-20 17:20:53,0.913s,PASSED
"waitForElementVisible(findTestObject(""CreateNewProject/FormPage_1/input_add_your_keyword""), Timeout)",Firefox 89.0,,,2021-07-20 17:20:53,2021-07-20 17:20:54,0.451s,PASSED
"setText(findTestObject(""CreateNewProject/FormPage_1/input_add_your_keyword""), ""politik"")",Firefox 89.0,,,2021-07-20 17:20:54,2021-07-20 17:20:55,0.694s,PASSED
"setText(findTestObject(""CreateNewProject/FormPage_1/input_keyword_suggestions""), ""partai"")",Firefox 89.0,,,2021-07-20 17:20:55,2021-07-20 17:20:55,0.842s,PASSED
"click(findTestObject(""CreateNewProject/FormPage_1/button_next""))",Firefox 89.0,,,2021-07-20 17:20:55,2021-07-20 17:20:56,0.675s,PASSED
delay(3),Firefox 89.0,,,2021-07-20 17:20:56,2021-07-20 17:20:59,3.003s,PASSED
com.helper.browserhelper.CustomBrowser.closeBrowser(),Firefox 89.0,,,2021-07-20 17:20:59,2021-07-20 17:21:02,2.539s,PASSED
,,,,,,,
Test Cases/Create Project/Negative/TS-CPR-30-CreateProjectUsingInvalidDomainFormatInDomainFieldTestCase,Firefox 89.0,"create a project using invalid domain format in the domain field.
Expected: Cannot proceed to 2nd page of the setup",create project,2021-07-20 17:21:02,2021-07-20 17:21:52,50.122s,PASSED
com.helper.browserhelper.CustomBrowser.login(),Firefox 89.0,,,2021-07-20 17:21:02,2021-07-20 17:21:25,23.322s,PASSED
"click(findTestObject(""CreateNewProject/button_add_project""))",Firefox 89.0,,,2021-07-20 17:21:25,2021-07-20 17:21:27,1.530s,PASSED
"waitForElementVisible(findTestObject(""CreateNewProject/popup_frame_choose_ project_type_domain_or_youtube""), Timeout)",Firefox 89.0,,,2021-07-20 17:21:27,2021-07-20 17:21:28,0.680s,PASSED
"click(findTestObject(""CreateNewProject/button_domain""))",Firefox 89.0,,,2021-07-20 17:21:28,2021-07-20 17:21:28,0.635s,PASSED
"waitForElementPresent(findTestObject(""CreateNewProject/popup_window_creating_project""), Timeout)",Firefox 89.0,,,2021-07-20 17:21:28,2021-07-20 17:21:31,2.862s,PASSED
"setText(findTestObject(""CreateNewProject/FormPage_1/input_domain_name""), ""detik.com"")",Firefox 89.0,,,2021-07-20 17:21:31,2021-07-20 17:21:41,10.028s,PASSED
"waitForElementVisible(findTestObject(""CreateNewProject/FormPage_1/input_add_your_keyword""), Timeout)",Firefox 89.0,,,2021-07-20 17:21:41,2021-07-20 17:21:42,0.426s,PASSED
"setText(findTestObject(""CreateNewProject/FormPage_1/input_add_your_keyword""), ""politik"")",Firefox 89.0,,,2021-07-20 17:21:42,2021-07-20 17:21:42,0.687s,PASSED
"setText(findTestObject(""CreateNewProject/FormPage_1/input_keyword_suggestions""), ""partai"")",Firefox 89.0,,,2021-07-20 17:21:42,2021-07-20 17:21:43,0.798s,PASSED
"click(findTestObject(""CreateNewProject/FormPage_1/button_next""))",Firefox 89.0,,,2021-07-20 17:21:43,2021-07-20 17:21:44,0.692s,PASSED
delay(3),Firefox 89.0,,,2021-07-20 17:21:44,2021-07-20 17:21:47,3.012s,PASSED
com.helper.browserhelper.CustomBrowser.closeBrowser(),Firefox 89.0,,,2021-07-20 17:21:47,2021-07-20 17:21:52,5.046s,PASSED
,,,,,,,
Test Cases/Create Project/Negative/TS-CPR-31-CreateProjectWithKeywordLessThan2CharactersTestCase,Firefox 89.0,"create a project with keyword with less than 2 characters.
Expected: Cannot proceed to 2nd page of the setup.",create project,2021-07-20 17:21:52,2021-07-20 17:22:42,50.166s,PASSED
com.helper.browserhelper.CustomBrowser.login(),Firefox 89.0,,,2021-07-20 17:21:52,2021-07-20 17:22:22,29.403s,PASSED
"click(findTestObject(""CreateNewProject/button_add_project""))",Firefox 89.0,,,2021-07-20 17:22:22,2021-07-20 17:22:22,0.908s,PASSED
"waitForElementVisible(findTestObject(""CreateNewProject/popup_frame_choose_ project_type_domain_or_youtube""), Timeout)",Firefox 89.0,,,2021-07-20 17:22:22,2021-07-20 17:22:23,0.535s,PASSED
"click(findTestObject(""CreateNewProject/button_domain""))",Firefox 89.0,,,2021-07-20 17:22:23,2021-07-20 17:22:24,0.644s,PASSED
"waitForElementPresent(findTestObject(""CreateNewProject/popup_window_creating_project""), Timeout)",Firefox 89.0,,,2021-07-20 17:22:24,2021-07-20 17:22:26,2.737s,PASSED
"setText(findTestObject(""CreateNewProject/FormPage_1/input_domain_name""), ""detik.com"")",Firefox 89.0,,,2021-07-20 17:22:26,2021-07-20 17:22:34,7.492s,PASSED
"waitForElementVisible(findTestObject(""CreateNewProject/FormPage_1/input_add_your_keyword""), Timeout)",Firefox 89.0,,,2021-07-20 17:22:34,2021-07-20 17:22:34,0.421s,PASSED
"setText(findTestObject(""CreateNewProject/FormPage_1/input_add_your_keyword""), ""politik"")",Firefox 89.0,,,2021-07-20 17:22:34,2021-07-20 17:22:35,0.716s,PASSED
"setText(findTestObject(""CreateNewProject/FormPage_1/input_keyword_suggestions""), ""partai"")",Firefox 89.0,,,2021-07-20 17:22:35,2021-07-20 17:22:36,0.787s,PASSED
"click(findTestObject(""CreateNewProject/FormPage_1/button_next""))",Firefox 89.0,,,2021-07-20 17:22:36,2021-07-20 17:22:37,0.683s,PASSED
delay(3),Firefox 89.0,,,2021-07-20 17:22:37,2021-07-20 17:22:40,3.018s,PASSED
com.helper.browserhelper.CustomBrowser.closeBrowser(),Firefox 89.0,,,2021-07-20 17:22:40,2021-07-20 17:22:42,2.457s,PASSED
,,,,,,,
Test Cases/Create Project/Negative/TS-CPR-29-CreateProjectWithNameFieldWithLessThan2CharactersTestCase,Firefox 89.0,"create a project with name field with less than 2 characters.
Expected: Cannot proceed to 2nd page of the setup.",create project,2021-07-20 17:22:42,2021-07-20 17:23:32,49.793s,PASSED
com.helper.browserhelper.CustomBrowser.login(),Firefox 89.0,,,2021-07-20 17:22:42,2021-07-20 17:23:07,24.986s,PASSED
"click(findTestObject(""CreateNewProject/button_add_project""))",Firefox 89.0,,,2021-07-20 17:23:07,2021-07-20 17:23:09,1.557s,PASSED
"waitForElementVisible(findTestObject(""CreateNewProject/popup_frame_choose_ project_type_domain_or_youtube""), Timeout)",Firefox 89.0,,,2021-07-20 17:23:09,2021-07-20 17:23:09,0.512s,PASSED
"click(findTestObject(""CreateNewProject/button_domain""))",Firefox 89.0,,,2021-07-20 17:23:09,2021-07-20 17:23:10,0.631s,PASSED
"waitForElementPresent(findTestObject(""CreateNewProject/popup_window_creating_project""), Timeout)",Firefox 89.0,,,2021-07-20 17:23:10,2021-07-20 17:23:12,2.331s,PASSED
"setText(findTestObject(""CreateNewProject/FormPage_1/input_project_name""), ""Sa"")",Firefox 89.0,,,2021-07-20 17:23:12,2021-07-20 17:23:20,7.646s,PASSED
"setText(findTestObject(""CreateNewProject/FormPage_1/input_domain_name""), ""detik.com"")",Firefox 89.0,,,2021-07-20 17:23:20,2021-07-20 17:23:21,0.954s,PASSED
"waitForElementVisible(findTestObject(""CreateNewProject/FormPage_1/input_add_your_keyword""), Timeout)",Firefox 89.0,,,2021-07-20 17:23:21,2021-07-20 17:23:21,0.416s,PASSED
"setText(findTestObject(""CreateNewProject/FormPage_1/input_add_your_keyword""), ""politik"")",Firefox 89.0,,,2021-07-20 17:23:21,2021-07-20 17:23:22,0.732s,PASSED
"setText(findTestObject(""CreateNewProject/FormPage_1/input_keyword_suggestions""), ""partai"")",Firefox 89.0,,,2021-07-20 17:23:22,2021-07-20 17:23:23,0.820s,PASSED
"click(findTestObject(""CreateNewProject/FormPage_1/button_next""))",Firefox 89.0,,,2021-07-20 17:23:23,2021-07-20 17:23:24,0.705s,PASSED
delay(3),Firefox 89.0,,,2021-07-20 17:23:24,2021-07-20 17:23:27,3.024s,PASSED
com.helper.browserhelper.CustomBrowser.closeBrowser(),Firefox 89.0,,,2021-07-20 17:23:27,2021-07-20 17:23:32,5.115s,PASSED
,,,,,,,
Test Cases/Create Project/Negative/TS-CPR-28-CreateProjectWithoutAnyEnginesOrDevicesSelectedTestCase,Firefox 89.0,"Create a project without any engines/devices selected.
Expected: Cannot proceed to 3rd page of the setup",create project,2021-07-20 17:23:32,2021-07-20 17:24:27,55.286s,PASSED
com.helper.browserhelper.CustomBrowser.login(),Firefox 89.0,,,2021-07-20 17:23:32,2021-07-20 17:23:59,26.611s,PASSED
"click(findTestObject(""CreateNewProject/button_add_project""))",Firefox 89.0,,,2021-07-20 17:23:59,2021-07-20 17:24:05,6.473s,PASSED
"waitForElementVisible(findTestObject(""CreateNewProject/popup_frame_choose_ project_type_domain_or_youtube""), Timeout)",Firefox 89.0,,,2021-07-20 17:24:05,2021-07-20 17:24:06,0.625s,PASSED
"click(findTestObject(""CreateNewProject/button_domain""))",Firefox 89.0,,,2021-07-20 17:24:06,2021-07-20 17:24:07,0.635s,PASSED
"waitForElementPresent(findTestObject(""CreateNewProject/popup_window_creating_project""), Timeout)",Firefox 89.0,,,2021-07-20 17:24:07,2021-07-20 17:24:09,2.320s,PASSED
"setText(findTestObject(""CreateNewProject/FormPage_1/input_domain_name""), ""detik.com"")",Firefox 89.0,,,2021-07-20 17:24:09,2021-07-20 17:24:19,9.894s,PASSED
"waitForElementVisible(findTestObject(""CreateNewProject/FormPage_1/input_add_your_keyword""), Timeout)",Firefox 89.0,,,2021-07-20 17:24:19,2021-07-20 17:24:19,0.419s,PASSED
"setText(findTestObject(""CreateNewProject/FormPage_1/input_add_your_keyword""), ""politik"")",Firefox 89.0,,,2021-07-20 17:24:19,2021-07-20 17:24:20,0.721s,PASSED
"setText(findTestObject(""CreateNewProject/FormPage_1/input_keyword_suggestions""), ""partai"")",Firefox 89.0,,,2021-07-20 17:24:20,2021-07-20 17:24:21,0.823s,PASSED
"click(findTestObject(""CreateNewProject/FormPage_1/button_next""))",Firefox 89.0,,,2021-07-20 17:24:21,2021-07-20 17:24:22,0.686s,PASSED
delay(3),Firefox 89.0,,,2021-07-20 17:24:22,2021-07-20 17:24:25,3.016s,PASSED
com.helper.browserhelper.CustomBrowser.closeBrowser(),Firefox 89.0,,,2021-07-20 17:24:25,2021-07-20 17:24:27,2.505s,PASSED
,,,,,,,
Test Cases/Create Project/Negative/TS-CPR-26-CreateProjectWithoutEnteringAnyKeywordsTestCase,Firefox 89.0,"Create a project without entering any keywords.
Expected: Cannot proceed to 2nd page of the setup",create project,2021-07-20 17:24:27,2021-07-20 17:25:18,51.172s,PASSED
com.helper.browserhelper.CustomBrowser.login(),Firefox 89.0,,,2021-07-20 17:24:27,2021-07-20 17:24:50,22.687s,PASSED
"click(findTestObject(""CreateNewProject/button_add_project""))",Firefox 89.0,,,2021-07-20 17:24:50,2021-07-20 17:24:54,3.405s,PASSED
"waitForElementVisible(findTestObject(""CreateNewProject/popup_frame_choose_ project_type_domain_or_youtube""), Timeout)",Firefox 89.0,,,2021-07-20 17:24:54,2021-07-20 17:24:54,0.630s,PASSED
"click(findTestObject(""CreateNewProject/button_domain""))",Firefox 89.0,,,2021-07-20 17:24:54,2021-07-20 17:24:55,0.667s,PASSED
"waitForElementPresent(findTestObject(""CreateNewProject/popup_window_creating_project""), Timeout)",Firefox 89.0,,,2021-07-20 17:24:55,2021-07-20 17:24:57,2.356s,PASSED
"setText(findTestObject(""CreateNewProject/FormPage_1/input_domain_name""), """")",Firefox 89.0,,,2021-07-20 17:24:57,2021-07-20 17:25:07,9.879s,PASSED
"waitForElementVisible(findTestObject(""CreateNewProject/FormPage_1/input_add_your_keyword""), Timeout)",Firefox 89.0,,,2021-07-20 17:25:07,2021-07-20 17:25:08,0.432s,PASSED
"setText(findTestObject(""CreateNewProject/FormPage_1/input_add_your_keyword""), """")",Firefox 89.0,,,2021-07-20 17:25:08,2021-07-20 17:25:09,1.863s,PASSED
"setText(findTestObject(""CreateNewProject/FormPage_1/input_keyword_suggestions""), """")",Firefox 89.0,,,2021-07-20 17:25:09,2021-07-20 17:25:10,0.673s,PASSED
"click(findTestObject(""CreateNewProject/FormPage_1/button_next""))",Firefox 89.0,,,2021-07-20 17:25:10,2021-07-20 17:25:11,0.728s,PASSED
delay(3),Firefox 89.0,,,2021-07-20 17:25:11,2021-07-20 17:25:14,3.013s,PASSED
com.helper.browserhelper.CustomBrowser.closeBrowser(),Firefox 89.0,,,2021-07-20 17:25:14,2021-07-20 17:25:18,4.443s,PASSED
,,,,,,,
Test Cases/Create Project/Negative/TS-CPR-25-CreateProjectWithoutFillingDomainFieldTestCase,Firefox 89.0,"Create a project without filling the domain field.
Expected: Cannot proceed to 2nd page of the setup",create project,2021-07-20 17:25:18,2021-07-20 17:26:20,1m - 2.032s,PASSED
com.helper.browserhelper.CustomBrowser.login(),Firefox 89.0,,,2021-07-20 17:25:19,2021-07-20 17:25:44,25.602s,PASSED
"click(findTestObject(""CreateNewProject/button_add_project""))",Firefox 89.0,,,2021-07-20 17:25:44,2021-07-20 17:25:59,14.426s,PASSED
"waitForElementVisible(findTestObject(""CreateNewProject/popup_frame_choose_ project_type_domain_or_youtube""), Timeout)",Firefox 89.0,,,2021-07-20 17:25:59,2021-07-20 17:25:59,0.635s,PASSED
"click(findTestObject(""CreateNewProject/button_domain""))",Firefox 89.0,,,2021-07-20 17:25:59,2021-07-20 17:26:00,0.678s,PASSED
"waitForElementPresent(findTestObject(""CreateNewProject/popup_window_creating_project""), Timeout)",Firefox 89.0,,,2021-07-20 17:26:00,2021-07-20 17:26:03,2.899s,PASSED
"setText(findTestObject(""CreateNewProject/FormPage_1/input_project_name""), ""Sample"")",Firefox 89.0,,,2021-07-20 17:26:03,2021-07-20 17:26:11,7.693s,PASSED
"setText(findTestObject(""CreateNewProject/FormPage_1/input_domain_name""), """")",Firefox 89.0,,,2021-07-20 17:26:11,2021-07-20 17:26:11,0.907s,PASSED
"waitForElementVisible(findTestObject(""CreateNewProject/FormPage_1/input_add_your_keyword""), Timeout)",Firefox 89.0,,,2021-07-20 17:26:11,2021-07-20 17:26:12,0.425s,PASSED
"setText(findTestObject(""CreateNewProject/FormPage_1/input_add_your_keyword""), ""politik"")",Firefox 89.0,,,2021-07-20 17:26:12,2021-07-20 17:26:13,0.699s,PASSED
"setText(findTestObject(""CreateNewProject/FormPage_1/input_keyword_suggestions""), ""partai"")",Firefox 89.0,,,2021-07-20 17:26:13,2021-07-20 17:26:13,0.850s,PASSED
"click(findTestObject(""CreateNewProject/FormPage_1/button_next""))",Firefox 89.0,,,2021-07-20 17:26:13,2021-07-20 17:26:14,0.668s,PASSED
delay(3),Firefox 89.0,,,2021-07-20 17:26:14,2021-07-20 17:26:17,3.014s,PASSED
com.helper.browserhelper.CustomBrowser.closeBrowser(),Firefox 89.0,,,2021-07-20 17:26:17,2021-07-20 17:26:20,3.139s,PASSED
,,,,,,,
Test Cases/Create Project/Negative/TS-CPR-24-CreateProjectWithoutFillingNameFieldTestCase,Firefox 89.0,"Create a project without filling the name field.
Expected: Cannot proceed to 2nd page of the setup",create project,2021-07-20 17:26:20,2021-07-20 17:27:07,46.674s,PASSED
com.helper.browserhelper.CustomBrowser.login(),Firefox 89.0,,,2021-07-20 17:26:21,2021-07-20 17:26:43,22.763s,PASSED
"click(findTestObject(""CreateNewProject/button_add_project""))",Firefox 89.0,,,2021-07-20 17:26:43,2021-07-20 17:26:45,2.008s,PASSED
"waitForElementVisible(findTestObject(""CreateNewProject/popup_frame_choose_ project_type_domain_or_youtube""), Timeout)",Firefox 89.0,,,2021-07-20 17:26:45,2021-07-20 17:26:46,0.697s,PASSED
"click(findTestObject(""CreateNewProject/button_domain""))",Firefox 89.0,,,2021-07-20 17:26:46,2021-07-20 17:26:47,0.623s,PASSED
"waitForElementPresent(findTestObject(""CreateNewProject/popup_window_creating_project""), Timeout)",Firefox 89.0,,,2021-07-20 17:26:47,2021-07-20 17:26:49,2.142s,PASSED
"setText(findTestObject(""CreateNewProject/FormPage_1/input_domain_name""), ""detik.com"")",Firefox 89.0,,,2021-07-20 17:26:49,2021-07-20 17:26:57,8.489s,PASSED
"waitForElementVisible(findTestObject(""CreateNewProject/FormPage_1/input_add_your_keyword""), Timeout)",Firefox 89.0,,,2021-07-20 17:26:57,2021-07-20 17:26:58,0.401s,PASSED
"setText(findTestObject(""CreateNewProject/FormPage_1/input_add_your_keyword""), ""politik"")",Firefox 89.0,,,2021-07-20 17:26:58,2021-07-20 17:26:59,0.725s,PASSED
"setText(findTestObject(""CreateNewProject/FormPage_1/input_keyword_suggestions""), ""partai"")",Firefox 89.0,,,2021-07-20 17:26:59,2021-07-20 17:26:59,0.813s,PASSED
"click(findTestObject(""CreateNewProject/FormPage_1/button_next""))",Firefox 89.0,,,2021-07-20 17:26:59,2021-07-20 17:27:00,0.700s,PASSED
delay(3),Firefox 89.0,,,2021-07-20 17:27:00,2021-07-20 17:27:03,3.015s,PASSED
com.helper.browserhelper.CustomBrowser.closeBrowser(),Firefox 89.0,,,2021-07-20 17:27:03,2021-07-20 17:27:07,3.928s,PASSED
,,,,,,,
Test Cases/Create Project/Negative/TS-CPR-32-UploadCsvWithoutSelectingAnyKeywordsTestCase,Firefox 89.0,"upload a csv without selecting any keywords.
Expected: Csv no uploaded, user prompted to select at least one keyword",create project,2021-07-20 17:27:07,2021-07-20 17:28:03,56.196s,PASSED
com.helper.browserhelper.CustomBrowser.login(),Firefox 89.0,,,2021-07-20 17:27:07,2021-07-20 17:27:32,24.318s,PASSED
"click(findTestObject(""CreateNewProject/button_add_project""))",Firefox 89.0,,,2021-07-20 17:27:32,2021-07-20 17:27:40,8.659s,PASSED
"waitForElementVisible(findTestObject(""CreateNewProject/popup_frame_choose_ project_type_domain_or_youtube""), Timeout)",Firefox 89.0,,,2021-07-20 17:27:40,2021-07-20 17:27:41,0.641s,PASSED
"click(findTestObject(""CreateNewProject/button_domain""))",Firefox 89.0,,,2021-07-20 17:27:41,2021-07-20 17:27:42,0.626s,PASSED
"waitForElementPresent(findTestObject(""CreateNewProject/popup_window_creating_project""), Timeout)",Firefox 89.0,,,2021-07-20 17:27:42,2021-07-20 17:27:44,2.340s,PASSED
"setText(findTestObject(""CreateNewProject/FormPage_1/input_domain_name""), ""detik.com"")",Firefox 89.0,,,2021-07-20 17:27:44,2021-07-20 17:27:54,9.941s,PASSED
"waitForElementVisible(findTestObject(""CreateNewProject/FormPage_1/input_add_your_keyword""), Timeout)",Firefox 89.0,,,2021-07-20 17:27:54,2021-07-20 17:27:54,0.406s,PASSED
"setText(findTestObject(""CreateNewProject/FormPage_1/input_add_your_keyword""), ""politik"")",Firefox 89.0,,,2021-07-20 17:27:54,2021-07-20 17:27:55,0.684s,PASSED
"setText(findTestObject(""CreateNewProject/FormPage_1/input_keyword_suggestions""), ""partai"")",Firefox 89.0,,,2021-07-20 17:27:55,2021-07-20 17:27:56,0.831s,PASSED
"click(findTestObject(""CreateNewProject/FormPage_1/button_next""))",Firefox 89.0,,,2021-07-20 17:27:56,2021-07-20 17:27:56,0.675s,PASSED
delay(3),Firefox 89.0,,,2021-07-20 17:27:56,2021-07-20 17:27:59,3.005s,PASSED
com.helper.browserhelper.CustomBrowser.closeBrowser(),Firefox 89.0,,,2021-07-20 17:27:59,2021-07-20 17:28:03,3.700s,PASSED
